776,2015E2,2015E2_1,No,03/23/2016 10:24AM,1,Motion 8,
776,2015E2,2015E2_2,N/V,03/23/2016  6:29PM,2,,
776,2015E2,2015E2_3,N/V,03/23/2016  6:29PM,3,,
776,2015E2,2015E2_4,N/V,03/23/2016  6:31PM,2,,
914,2015E2,2015E2_1,Aye,03/23/2016 10:12AM,1,,
914,2015E2,2015E2_2,Aye,03/23/2016 10:15AM,1,R2,
914,2015E2,2015E2_3,No,03/23/2016  1:02PM,2,Motion 12,
914,2015E2,2015E2_4,Aye,03/23/2016  1:12PM,2,A1,"A1 Martin, G."
914,2015E2,2015E2_5,Aye,03/23/2016  1:38PM,2,A2,A2 Floyd
914,2015E2,2015E2_6,No,03/23/2016  1:38PM,2,A2,A2 Floyd
914,2015E2,2015E2_7,Aye,03/23/2016  2:36PM,2,A3,A3 Cotham
914,2015E2,2015E2_8,Aye,03/23/2016  2:53PM,2,A4,A4 Bishop
914,2015E2,2015E2_9,Aye,03/23/2016  3:04PM,2,,
914,2015E2,2015E2_10,Aye,03/23/2016  3:05PM,3,,
914,2015E2,2015E2_11,Aye,03/23/2016  3:08PM,2,,
515,2015E2,2015E2_1,Aye,03/23/2016 10:12AM,1,,
515,2015E2,2015E2_2,Aye,03/23/2016 10:15AM,1,R2,
515,2015E2,2015E2_3,Aye,03/23/2016  1:02PM,2,Motion 12,
515,2015E2,2015E2_4,No,03/23/2016  1:12PM,2,A1,"A1 Martin, G."
515,2015E2,2015E2_5,Aye,03/23/2016  1:38PM,2,A2,A2 Floyd
515,2015E2,2015E2_6,Aye,03/23/2016  1:38PM,2,A2,A2 Floyd
515,2015E2,2015E2_7,Aye,03/23/2016  2:36PM,2,A3,A3 Cotham
515,2015E2,2015E2_8,Aye,03/23/2016  2:53PM,2,A4,A4 Bishop
515,2015E2,2015E2_9,Aye,03/23/2016  3:04PM,2,,
515,2015E2,2015E2_10,Aye,03/23/2016  3:05PM,3,,
515,2015E2,2015E2_11,Aye,03/23/2016  3:08PM,2,,
919,2015E2,2015E2_1,Aye,03/23/2016 10:12AM,1,,
919,2015E2,2015E2_2,Aye,03/23/2016 10:15AM,1,R2,
919,2015E2,2015E2_3,Aye,03/23/2016  1:02PM,2,Motion 12,
919,2015E2,2015E2_4,No,03/23/2016  1:12PM,2,A1,"A1 Martin, G."
919,2015E2,2015E2_5,No,03/23/2016  1:38PM,2,A2,A2 Floyd
919,2015E2,2015E2_6,Aye,03/23/2016  1:38PM,2,A2,A2 Floyd
919,2015E2,2015E2_7,Aye,03/23/2016  2:36PM,2,A3,A3 Cotham
919,2015E2,2015E2_8,Aye,03/23/2016  2:53PM,2,A4,A4 Bishop
919,2015E2,2015E2_9,No,03/23/2016  3:04PM,2,,
919,2015E2,2015E2_10,No,03/23/2016  3:05PM,3,,
919,2015E2,2015E2_11,Aye,03/23/2016  3:08PM,2,,
508,2015E2,2015E2_1,Aye,03/23/2016 10:12AM,1,,
508,2015E2,2015E2_2,Aye,03/23/2016 10:15AM,1,R2,
508,2015E2,2015E2_3,No,03/23/2016  1:02PM,2,Motion 12,
508,2015E2,2015E2_4,Aye,03/23/2016  1:12PM,2,A1,"A1 Martin, G."
508,2015E2,2015E2_5,Aye,03/23/2016  1:38PM,2,A2,A2 Floyd
508,2015E2,2015E2_6,No,03/23/2016  1:38PM,2,A2,A2 Floyd
508,2015E2,2015E2_7,Aye,03/23/2016  2:36PM,2,A3,A3 Cotham
508,2015E2,2015E2_8,Aye,03/23/2016  2:53PM,2,A4,A4 Bishop
508,2015E2,2015E2_9,Aye,03/23/2016  3:04PM,2,,
508,2015E2,2015E2_10,Aye,03/23/2016  3:05PM,3,,
508,2015E2,2015E2_11,Aye,03/23/2016  3:08PM,2,,
913,2015E2,2015E2_1,N/V,03/23/2016 10:12AM,1,,
913,2015E2,2015E2_2,N/V,03/23/2016 10:15AM,1,R2,
913,2015E2,2015E2_3,No,03/23/2016  1:02PM,2,Motion 12,
913,2015E2,2015E2_4,Aye,03/23/2016  1:12PM,2,A1,"A1 Martin, G."
913,2015E2,2015E2_5,Aye,03/23/2016  1:38PM,2,A2,A2 Floyd
913,2015E2,2015E2_6,No,03/23/2016  1:38PM,2,A2,A2 Floyd
913,2015E2,2015E2_7,Aye,03/23/2016  2:36PM,2,A3,A3 Cotham
913,2015E2,2015E2_8,Aye,03/23/2016  2:53PM,2,A4,A4 Bishop
913,2015E2,2015E2_9,Aye,03/23/2016  3:04PM,2,,
913,2015E2,2015E2_10,Aye,03/23/2016  3:05PM,3,,
913,2015E2,2015E2_11,Aye,03/23/2016  3:08PM,2,,
761,2015E2,2015E2_1,N/V,03/23/2016 10:12AM,1,,
761,2015E2,2015E2_2,N/V,03/23/2016 10:15AM,1,R2,
761,2015E2,2015E2_3,No,03/23/2016  1:02PM,2,Motion 12,
761,2015E2,2015E2_4,Aye,03/23/2016  1:12PM,2,A1,"A1 Martin, G."
761,2015E2,2015E2_5,Aye,03/23/2016  1:38PM,2,A2,A2 Floyd
761,2015E2,2015E2_6,No,03/23/2016  1:38PM,2,A2,A2 Floyd
761,2015E2,2015E2_7,Aye,03/23/2016  2:36PM,2,A3,A3 Cotham
761,2015E2,2015E2_8,Aye,03/23/2016  2:53PM,2,A4,A4 Bishop
761,2015E2,2015E2_9,Aye,03/23/2016  3:04PM,2,,
761,2015E2,2015E2_10,Aye,03/23/2016  3:05PM,3,,
761,2015E2,2015E2_11,Aye,03/23/2016  3:08PM,2,,
687,2015E2,2015E2_1,Aye,03/23/2016 10:12AM,1,,
687,2015E2,2015E2_2,Aye,03/23/2016 10:15AM,1,R2,
687,2015E2,2015E2_3,No,03/23/2016  1:02PM,2,Motion 12,
687,2015E2,2015E2_4,Aye,03/23/2016  1:12PM,2,A1,"A1 Martin, G."
687,2015E2,2015E2_5,Aye,03/23/2016  1:38PM,2,A2,A2 Floyd
687,2015E2,2015E2_6,No,03/23/2016  1:38PM,2,A2,A2 Floyd
687,2015E2,2015E2_7,Aye,03/23/2016  2:36PM,2,A3,A3 Cotham
687,2015E2,2015E2_8,Aye,03/23/2016  2:53PM,2,A4,A4 Bishop
687,2015E2,2015E2_9,Aye,03/23/2016  3:04PM,2,,
687,2015E2,2015E2_10,Aye,03/23/2016  3:05PM,3,,
687,2015E2,2015E2_11,Aye,03/23/2016  3:08PM,2,,
912,2015E2,2015E2_1,Aye,03/23/2016 10:12AM,1,,
912,2015E2,2015E2_2,Aye,03/23/2016 10:15AM,1,R2,
912,2015E2,2015E2_3,No,03/23/2016  1:02PM,2,Motion 12,
912,2015E2,2015E2_4,Aye,03/23/2016  1:12PM,2,A1,"A1 Martin, G."
912,2015E2,2015E2_5,Aye,03/23/2016  1:38PM,2,A2,A2 Floyd
912,2015E2,2015E2_6,No,03/23/2016  1:38PM,2,A2,A2 Floyd
912,2015E2,2015E2_7,Aye,03/23/2016  2:36PM,2,A3,A3 Cotham
912,2015E2,2015E2_8,Aye,03/23/2016  2:53PM,2,A4,A4 Bishop
912,2015E2,2015E2_9,Aye,03/23/2016  3:04PM,2,,
912,2015E2,2015E2_10,Aye,03/23/2016  3:05PM,3,,
912,2015E2,2015E2_11,Aye,03/23/2016  3:08PM,2,,
759,2015E2,2015E2_1,Excused Absence,03/23/2016 10:12AM,1,,
759,2015E2,2015E2_2,Excused Absence,03/23/2016 10:15AM,1,R2,
759,2015E2,2015E2_3,Excused Absence,03/23/2016  1:02PM,2,Motion 12,
759,2015E2,2015E2_4,Excused Absence,03/23/2016  1:12PM,2,A1,"A1 Martin, G."
759,2015E2,2015E2_5,Excused Absence,03/23/2016  1:38PM,2,A2,A2 Floyd
759,2015E2,2015E2_6,Excused Absence,03/23/2016  1:38PM,2,A2,A2 Floyd
759,2015E2,2015E2_7,Excused Absence,03/23/2016  2:36PM,2,A3,A3 Cotham
759,2015E2,2015E2_8,Excused Absence,03/23/2016  2:53PM,2,A4,A4 Bishop
759,2015E2,2015E2_9,Excused Absence,03/23/2016  3:04PM,2,,
759,2015E2,2015E2_10,Excused Absence,03/23/2016  3:05PM,3,,
759,2015E2,2015E2_11,Excused Absence,03/23/2016  3:08PM,2,,
915,2015E2,2015E2_1,Aye,03/23/2016 10:12AM,1,,
915,2015E2,2015E2_2,Aye,03/23/2016 10:15AM,1,R2,
915,2015E2,2015E2_3,Aye,03/23/2016  1:02PM,2,Motion 12,
915,2015E2,2015E2_4,No,03/23/2016  1:12PM,2,A1,"A1 Martin, G."
915,2015E2,2015E2_5,Aye,03/23/2016  1:38PM,2,A2,A2 Floyd
915,2015E2,2015E2_6,Aye,03/23/2016  1:38PM,2,A2,A2 Floyd
915,2015E2,2015E2_7,Aye,03/23/2016  2:36PM,2,A3,A3 Cotham
915,2015E2,2015E2_8,Aye,03/23/2016  2:53PM,2,A4,A4 Bishop
915,2015E2,2015E2_9,No,03/23/2016  3:04PM,2,,
915,2015E2,2015E2_10,No,03/23/2016  3:05PM,3,,
915,2015E2,2015E2_11,Aye,03/23/2016  3:08PM,2,,
758,2015E2,2015E2_1,Aye,03/23/2016 10:12AM,1,,
758,2015E2,2015E2_2,Aye,03/23/2016 10:15AM,1,R2,
758,2015E2,2015E2_3,No,03/23/2016  1:02PM,2,Motion 12,
758,2015E2,2015E2_4,Aye,03/23/2016  1:12PM,2,A1,"A1 Martin, G."
758,2015E2,2015E2_5,Aye,03/23/2016  1:38PM,2,A2,A2 Floyd
758,2015E2,2015E2_6,No,03/23/2016  1:38PM,2,A2,A2 Floyd
758,2015E2,2015E2_7,Aye,03/23/2016  2:36PM,2,A3,A3 Cotham
758,2015E2,2015E2_8,Aye,03/23/2016  2:53PM,2,A4,A4 Bishop
758,2015E2,2015E2_9,Aye,03/23/2016  3:04PM,2,,
758,2015E2,2015E2_10,Aye,03/23/2016  3:05PM,3,,
758,2015E2,2015E2_11,Aye,03/23/2016  3:08PM,2,,
686,2015E2,2015E2_1,Aye,03/23/2016 10:12AM,1,,
686,2015E2,2015E2_2,Aye,03/23/2016 10:15AM,1,R2,
686,2015E2,2015E2_3,No,03/23/2016  1:02PM,2,Motion 12,
686,2015E2,2015E2_4,Aye,03/23/2016  1:12PM,2,A1,"A1 Martin, G."
686,2015E2,2015E2_5,Aye,03/23/2016  1:38PM,2,A2,A2 Floyd
686,2015E2,2015E2_6,No,03/23/2016  1:38PM,2,A2,A2 Floyd
686,2015E2,2015E2_7,Aye,03/23/2016  2:36PM,2,A3,A3 Cotham
686,2015E2,2015E2_8,Aye,03/23/2016  2:53PM,2,A4,A4 Bishop
686,2015E2,2015E2_9,Aye,03/23/2016  3:04PM,2,,
686,2015E2,2015E2_10,Aye,03/23/2016  3:05PM,3,,
686,2015E2,2015E2_11,Aye,03/23/2016  3:08PM,2,,
757,2015E2,2015E2_1,N/V,03/23/2016 10:12AM,1,,
757,2015E2,2015E2_2,Aye,03/23/2016 10:15AM,1,R2,
757,2015E2,2015E2_3,Aye,03/23/2016  1:02PM,2,Motion 12,
757,2015E2,2015E2_4,No,03/23/2016  1:12PM,2,A1,"A1 Martin, G."
757,2015E2,2015E2_5,Aye,03/23/2016  1:38PM,2,A2,A2 Floyd
757,2015E2,2015E2_6,No,03/23/2016  1:38PM,2,A2,A2 Floyd
757,2015E2,2015E2_7,Aye,03/23/2016  2:36PM,2,A3,A3 Cotham
757,2015E2,2015E2_8,Aye,03/23/2016  2:53PM,2,A4,A4 Bishop
757,2015E2,2015E2_9,No,03/23/2016  3:04PM,2,,
757,2015E2,2015E2_10,No,03/23/2016  3:05PM,3,,
757,2015E2,2015E2_11,Aye,03/23/2016  3:08PM,2,,
756,2015E2,2015E2_1,Excused Absence,03/23/2016 10:12AM,1,,
756,2015E2,2015E2_2,Excused Absence,03/23/2016 10:15AM,1,R2,
756,2015E2,2015E2_3,Excused Absence,03/23/2016  1:02PM,2,Motion 12,
756,2015E2,2015E2_4,Excused Absence,03/23/2016  1:12PM,2,A1,"A1 Martin, G."
756,2015E2,2015E2_5,Excused Absence,03/23/2016  1:38PM,2,A2,A2 Floyd
756,2015E2,2015E2_6,Excused Absence,03/23/2016  1:38PM,2,A2,A2 Floyd
756,2015E2,2015E2_7,Excused Absence,03/23/2016  2:36PM,2,A3,A3 Cotham
756,2015E2,2015E2_8,Excused Absence,03/23/2016  2:53PM,2,A4,A4 Bishop
756,2015E2,2015E2_9,Excused Absence,03/23/2016  3:04PM,2,,
756,2015E2,2015E2_10,Excused Absence,03/23/2016  3:05PM,3,,
756,2015E2,2015E2_11,Excused Absence,03/23/2016  3:08PM,2,,
622,2015E2,2015E2_1,Aye,03/23/2016 10:12AM,1,,
622,2015E2,2015E2_2,Aye,03/23/2016 10:15AM,1,R2,
622,2015E2,2015E2_3,No,03/23/2016  1:02PM,2,Motion 12,
622,2015E2,2015E2_4,Aye,03/23/2016  1:12PM,2,A1,"A1 Martin, G."
622,2015E2,2015E2_5,Aye,03/23/2016  1:38PM,2,A2,A2 Floyd
622,2015E2,2015E2_6,No,03/23/2016  1:38PM,2,A2,A2 Floyd
622,2015E2,2015E2_7,Aye,03/23/2016  2:36PM,2,A3,A3 Cotham
622,2015E2,2015E2_8,Aye,03/23/2016  2:53PM,2,A4,A4 Bishop
622,2015E2,2015E2_9,Aye,03/23/2016  3:04PM,2,,
622,2015E2,2015E2_10,Aye,03/23/2016  3:05PM,3,,
622,2015E2,2015E2_11,Aye,03/23/2016  3:08PM,2,,
754,2015E2,2015E2_1,Aye,03/23/2016 10:12AM,1,,
754,2015E2,2015E2_2,Aye,03/23/2016 10:15AM,1,R2,
754,2015E2,2015E2_3,No,03/23/2016  1:02PM,2,Motion 12,
754,2015E2,2015E2_4,Aye,03/23/2016  1:12PM,2,A1,"A1 Martin, G."
754,2015E2,2015E2_5,Aye,03/23/2016  1:38PM,2,A2,A2 Floyd
754,2015E2,2015E2_6,No,03/23/2016  1:38PM,2,A2,A2 Floyd
754,2015E2,2015E2_7,Aye,03/23/2016  2:36PM,2,A3,A3 Cotham
754,2015E2,2015E2_8,Aye,03/23/2016  2:53PM,2,A4,A4 Bishop
754,2015E2,2015E2_9,Aye,03/23/2016  3:04PM,2,,
754,2015E2,2015E2_10,Aye,03/23/2016  3:05PM,3,,
754,2015E2,2015E2_11,Aye,03/23/2016  3:08PM,2,,
755,2015E2,2015E2_1,Aye,03/23/2016 10:12AM,1,,
755,2015E2,2015E2_2,Aye,03/23/2016 10:15AM,1,R2,
755,2015E2,2015E2_3,No,03/23/2016  1:02PM,2,Motion 12,
755,2015E2,2015E2_4,Aye,03/23/2016  1:12PM,2,A1,"A1 Martin, G."
755,2015E2,2015E2_5,Aye,03/23/2016  1:38PM,2,A2,A2 Floyd
755,2015E2,2015E2_6,No,03/23/2016  1:38PM,2,A2,A2 Floyd
755,2015E2,2015E2_7,Aye,03/23/2016  2:36PM,2,A3,A3 Cotham
755,2015E2,2015E2_8,Aye,03/23/2016  2:53PM,2,A4,A4 Bishop
755,2015E2,2015E2_9,Aye,03/23/2016  3:04PM,2,,
755,2015E2,2015E2_10,Aye,03/23/2016  3:05PM,3,,
755,2015E2,2015E2_11,Aye,03/23/2016  3:08PM,2,,
494,2015E2,2015E2_1,Aye,03/23/2016 10:12AM,1,,
494,2015E2,2015E2_2,Aye,03/23/2016 10:15AM,1,R2,
494,2015E2,2015E2_3,No,03/23/2016  1:02PM,2,Motion 12,
494,2015E2,2015E2_4,Aye,03/23/2016  1:12PM,2,A1,"A1 Martin, G."
494,2015E2,2015E2_5,Aye,03/23/2016  1:38PM,2,A2,A2 Floyd
494,2015E2,2015E2_6,No,03/23/2016  1:38PM,2,A2,A2 Floyd
494,2015E2,2015E2_7,Aye,03/23/2016  2:36PM,2,A3,A3 Cotham
494,2015E2,2015E2_8,Aye,03/23/2016  2:53PM,2,A4,A4 Bishop
494,2015E2,2015E2_9,Aye,03/23/2016  3:04PM,2,,
494,2015E2,2015E2_10,Aye,03/23/2016  3:05PM,3,,
494,2015E2,2015E2_11,Aye,03/23/2016  3:08PM,2,,
753,2015E2,2015E2_1,Aye,03/23/2016 10:12AM,1,,
753,2015E2,2015E2_2,Aye,03/23/2016 10:15AM,1,R2,
753,2015E2,2015E2_3,No,03/23/2016  1:02PM,2,Motion 12,
753,2015E2,2015E2_4,Aye,03/23/2016  1:12PM,2,A1,"A1 Martin, G."
753,2015E2,2015E2_5,Aye,03/23/2016  1:38PM,2,A2,A2 Floyd
753,2015E2,2015E2_6,No,03/23/2016  1:38PM,2,A2,A2 Floyd
753,2015E2,2015E2_7,Aye,03/23/2016  2:36PM,2,A3,A3 Cotham
753,2015E2,2015E2_8,Aye,03/23/2016  2:53PM,2,A4,A4 Bishop
753,2015E2,2015E2_9,Aye,03/23/2016  3:04PM,2,,
753,2015E2,2015E2_10,Aye,03/23/2016  3:05PM,3,,
753,2015E2,2015E2_11,Aye,03/23/2016  3:08PM,2,,
752,2015E2,2015E2_1,N/V,03/23/2016 10:12AM,1,,
752,2015E2,2015E2_2,N/V,03/23/2016 10:15AM,1,R2,
752,2015E2,2015E2_3,No,03/23/2016  1:02PM,2,Motion 12,
752,2015E2,2015E2_4,Aye,03/23/2016  1:12PM,2,A1,"A1 Martin, G."
752,2015E2,2015E2_5,Aye,03/23/2016  1:38PM,2,A2,A2 Floyd
752,2015E2,2015E2_6,No,03/23/2016  1:38PM,2,A2,A2 Floyd
752,2015E2,2015E2_7,Aye,03/23/2016  2:36PM,2,A3,A3 Cotham
752,2015E2,2015E2_8,Aye,03/23/2016  2:53PM,2,A4,A4 Bishop
752,2015E2,2015E2_9,Aye,03/23/2016  3:04PM,2,,
752,2015E2,2015E2_10,Aye,03/23/2016  3:05PM,3,,
752,2015E2,2015E2_11,Aye,03/23/2016  3:08PM,2,,
716,2015E2,2015E2_1,Aye,03/23/2016 10:12AM,1,,
716,2015E2,2015E2_2,Aye,03/23/2016 10:15AM,1,R2,
716,2015E2,2015E2_3,No,03/23/2016  1:02PM,2,Motion 12,
716,2015E2,2015E2_4,Aye,03/23/2016  1:12PM,2,A1,"A1 Martin, G."
716,2015E2,2015E2_5,Aye,03/23/2016  1:38PM,2,A2,A2 Floyd
716,2015E2,2015E2_6,No,03/23/2016  1:38PM,2,A2,A2 Floyd
716,2015E2,2015E2_7,Aye,03/23/2016  2:36PM,2,A3,A3 Cotham
716,2015E2,2015E2_8,Aye,03/23/2016  2:53PM,2,A4,A4 Bishop
716,2015E2,2015E2_9,Aye,03/23/2016  3:04PM,2,,
716,2015E2,2015E2_10,Aye,03/23/2016  3:05PM,3,,
716,2015E2,2015E2_11,Aye,03/23/2016  3:08PM,2,,
911,2015E2,2015E2_1,Aye,03/23/2016 10:12AM,1,,
911,2015E2,2015E2_2,Aye,03/23/2016 10:15AM,1,R2,
911,2015E2,2015E2_3,Aye,03/23/2016  1:02PM,2,Motion 12,
911,2015E2,2015E2_4,No,03/23/2016  1:12PM,2,A1,"A1 Martin, G."
911,2015E2,2015E2_5,No,03/23/2016  1:38PM,2,A2,A2 Floyd
911,2015E2,2015E2_6,Aye,03/23/2016  1:38PM,2,A2,A2 Floyd
911,2015E2,2015E2_7,Aye,03/23/2016  2:36PM,2,A3,A3 Cotham
911,2015E2,2015E2_8,Aye,03/23/2016  2:53PM,2,A4,A4 Bishop
911,2015E2,2015E2_9,Aye,03/23/2016  3:04PM,2,,
911,2015E2,2015E2_10,Aye,03/23/2016  3:05PM,3,,
911,2015E2,2015E2_11,Aye,03/23/2016  3:08PM,2,,
684,2015E2,2015E2_1,N/V,03/23/2016 10:12AM,1,,
684,2015E2,2015E2_2,N/V,03/23/2016 10:15AM,1,R2,
684,2015E2,2015E2_3,No,03/23/2016  1:02PM,2,Motion 12,
684,2015E2,2015E2_4,Aye,03/23/2016  1:12PM,2,A1,"A1 Martin, G."
684,2015E2,2015E2_5,Aye,03/23/2016  1:38PM,2,A2,A2 Floyd
684,2015E2,2015E2_6,No,03/23/2016  1:38PM,2,A2,A2 Floyd
684,2015E2,2015E2_7,Aye,03/23/2016  2:36PM,2,A3,A3 Cotham
684,2015E2,2015E2_8,Aye,03/23/2016  2:53PM,2,A4,A4 Bishop
684,2015E2,2015E2_9,Aye,03/23/2016  3:04PM,2,,
684,2015E2,2015E2_10,Aye,03/23/2016  3:05PM,3,,
684,2015E2,2015E2_11,N/V,03/23/2016  3:08PM,2,,
492,2015E2,2015E2_1,Aye,03/23/2016 10:12AM,1,,
492,2015E2,2015E2_2,Aye,03/23/2016 10:15AM,1,R2,
492,2015E2,2015E2_3,No,03/23/2016  1:02PM,2,Motion 12,
492,2015E2,2015E2_4,Aye,03/23/2016  1:12PM,2,A1,"A1 Martin, G."
492,2015E2,2015E2_5,Aye,03/23/2016  1:38PM,2,A2,A2 Floyd
492,2015E2,2015E2_6,No,03/23/2016  1:38PM,2,A2,A2 Floyd
492,2015E2,2015E2_7,Aye,03/23/2016  2:36PM,2,A3,A3 Cotham
492,2015E2,2015E2_8,Aye,03/23/2016  2:53PM,2,A4,A4 Bishop
492,2015E2,2015E2_9,Aye,03/23/2016  3:04PM,2,,
492,2015E2,2015E2_10,Aye,03/23/2016  3:05PM,3,,
492,2015E2,2015E2_11,Aye,03/23/2016  3:08PM,2,,
971,2015E2,2015E2_1,Aye,03/23/2016 10:12AM,1,,
971,2015E2,2015E2_2,Aye,03/23/2016 10:15AM,1,R2,
971,2015E2,2015E2_3,No,03/23/2016  1:02PM,2,Motion 12,
971,2015E2,2015E2_4,Aye,03/23/2016  1:12PM,2,A1,"A1 Martin, G."
971,2015E2,2015E2_5,Aye,03/23/2016  1:38PM,2,A2,A2 Floyd
971,2015E2,2015E2_6,No,03/23/2016  1:38PM,2,A2,A2 Floyd
971,2015E2,2015E2_7,Aye,03/23/2016  2:36PM,2,A3,A3 Cotham
971,2015E2,2015E2_8,Aye,03/23/2016  2:53PM,2,A4,A4 Bishop
971,2015E2,2015E2_9,Aye,03/23/2016  3:04PM,2,,
971,2015E2,2015E2_10,Aye,03/23/2016  3:05PM,3,,
971,2015E2,2015E2_11,Aye,03/23/2016  3:08PM,2,,
750,2015E2,2015E2_1,Aye,03/23/2016 10:12AM,1,,
750,2015E2,2015E2_2,Aye,03/23/2016 10:15AM,1,R2,
750,2015E2,2015E2_3,No,03/23/2016  1:02PM,2,Motion 12,
750,2015E2,2015E2_4,Aye,03/23/2016  1:12PM,2,A1,"A1 Martin, G."
750,2015E2,2015E2_5,Aye,03/23/2016  1:38PM,2,A2,A2 Floyd
750,2015E2,2015E2_6,No,03/23/2016  1:38PM,2,A2,A2 Floyd
750,2015E2,2015E2_7,Aye,03/23/2016  2:36PM,2,A3,A3 Cotham
750,2015E2,2015E2_8,Aye,03/23/2016  2:53PM,2,A4,A4 Bishop
750,2015E2,2015E2_9,Aye,03/23/2016  3:04PM,2,,
750,2015E2,2015E2_10,Aye,03/23/2016  3:05PM,3,,
750,2015E2,2015E2_11,Aye,03/23/2016  3:08PM,2,,
751,2015E2,2015E2_1,N/V,03/23/2016 10:12AM,1,,
751,2015E2,2015E2_2,N/V,03/23/2016 10:15AM,1,R2,
751,2015E2,2015E2_3,No,03/23/2016  1:02PM,2,Motion 12,
751,2015E2,2015E2_4,Aye,03/23/2016  1:12PM,2,A1,"A1 Martin, G."
751,2015E2,2015E2_5,Aye,03/23/2016  1:38PM,2,A2,A2 Floyd
751,2015E2,2015E2_6,No,03/23/2016  1:38PM,2,A2,A2 Floyd
751,2015E2,2015E2_7,Aye,03/23/2016  2:36PM,2,A3,A3 Cotham
751,2015E2,2015E2_8,Aye,03/23/2016  2:53PM,2,A4,A4 Bishop
751,2015E2,2015E2_9,Aye,03/23/2016  3:04PM,2,,
751,2015E2,2015E2_10,Aye,03/23/2016  3:05PM,3,,
751,2015E2,2015E2_11,Aye,03/23/2016  3:08PM,2,,
789,2015E2,2015E2_1,Aye,03/23/2016 10:12AM,1,,
789,2015E2,2015E2_2,Aye,03/23/2016 10:15AM,1,R2,
789,2015E2,2015E2_3,Aye,03/23/2016  1:02PM,2,Motion 12,
789,2015E2,2015E2_4,No,03/23/2016  1:12PM,2,A1,"A1 Martin, G."
789,2015E2,2015E2_5,No,03/23/2016  1:38PM,2,A2,A2 Floyd
789,2015E2,2015E2_6,Aye,03/23/2016  1:38PM,2,A2,A2 Floyd
789,2015E2,2015E2_7,Aye,03/23/2016  2:36PM,2,A3,A3 Cotham
789,2015E2,2015E2_8,Aye,03/23/2016  2:53PM,2,A4,A4 Bishop
789,2015E2,2015E2_9,No,03/23/2016  3:04PM,2,,
789,2015E2,2015E2_10,No,03/23/2016  3:05PM,3,,
789,2015E2,2015E2_11,Aye,03/23/2016  3:08PM,2,,
747,2015E2,2015E2_1,Aye,03/23/2016 10:12AM,1,,
747,2015E2,2015E2_2,Aye,03/23/2016 10:15AM,1,R2,
747,2015E2,2015E2_3,No,03/23/2016  1:02PM,2,Motion 12,
747,2015E2,2015E2_4,Aye,03/23/2016  1:12PM,2,A1,"A1 Martin, G."
747,2015E2,2015E2_5,Aye,03/23/2016  1:38PM,2,A2,A2 Floyd
747,2015E2,2015E2_6,No,03/23/2016  1:38PM,2,A2,A2 Floyd
747,2015E2,2015E2_7,Aye,03/23/2016  2:36PM,2,A3,A3 Cotham
747,2015E2,2015E2_8,Aye,03/23/2016  2:53PM,2,A4,A4 Bishop
747,2015E2,2015E2_9,Aye,03/23/2016  3:04PM,2,,
747,2015E2,2015E2_10,Aye,03/23/2016  3:05PM,3,,
747,2015E2,2015E2_11,Aye,03/23/2016  3:08PM,2,,
748,2015E2,2015E2_1,Excused Absence,03/23/2016 10:12AM,1,,
748,2015E2,2015E2_2,Excused Absence,03/23/2016 10:15AM,1,R2,
748,2015E2,2015E2_3,Excused Absence,03/23/2016  1:02PM,2,Motion 12,
748,2015E2,2015E2_4,Excused Absence,03/23/2016  1:12PM,2,A1,"A1 Martin, G."
748,2015E2,2015E2_5,Excused Absence,03/23/2016  1:38PM,2,A2,A2 Floyd
748,2015E2,2015E2_6,Excused Absence,03/23/2016  1:38PM,2,A2,A2 Floyd
748,2015E2,2015E2_7,Excused Absence,03/23/2016  2:36PM,2,A3,A3 Cotham
748,2015E2,2015E2_8,Excused Absence,03/23/2016  2:53PM,2,A4,A4 Bishop
748,2015E2,2015E2_9,Excused Absence,03/23/2016  3:04PM,2,,
748,2015E2,2015E2_10,Excused Absence,03/23/2016  3:05PM,3,,
748,2015E2,2015E2_11,Excused Absence,03/23/2016  3:08PM,2,,
779,2015E2,2015E2_1,N/V,03/23/2016 10:12AM,1,,
779,2015E2,2015E2_2,Aye,03/23/2016 10:15AM,1,R2,
779,2015E2,2015E2_3,Aye,03/23/2016  1:02PM,2,Motion 12,
779,2015E2,2015E2_4,No,03/23/2016  1:12PM,2,A1,"A1 Martin, G."
779,2015E2,2015E2_5,No,03/23/2016  1:38PM,2,A2,A2 Floyd
779,2015E2,2015E2_6,Aye,03/23/2016  1:38PM,2,A2,A2 Floyd
779,2015E2,2015E2_7,Aye,03/23/2016  2:36PM,2,A3,A3 Cotham
779,2015E2,2015E2_8,Aye,03/23/2016  2:53PM,2,A4,A4 Bishop
779,2015E2,2015E2_9,No,03/23/2016  3:04PM,2,,
779,2015E2,2015E2_10,No,03/23/2016  3:05PM,3,,
779,2015E2,2015E2_11,Aye,03/23/2016  3:08PM,2,,
720,2015E2,2015E2_1,Aye,03/23/2016 10:12AM,1,,
720,2015E2,2015E2_2,Aye,03/23/2016 10:15AM,1,R2,
720,2015E2,2015E2_3,No,03/23/2016  1:02PM,2,Motion 12,
720,2015E2,2015E2_4,No,03/23/2016  1:12PM,2,A1,"A1 Martin, G."
720,2015E2,2015E2_5,Aye,03/23/2016  1:38PM,2,A2,A2 Floyd
720,2015E2,2015E2_6,No,03/23/2016  1:38PM,2,A2,A2 Floyd
720,2015E2,2015E2_7,Aye,03/23/2016  2:36PM,2,A3,A3 Cotham
720,2015E2,2015E2_8,Aye,03/23/2016  2:53PM,2,A4,A4 Bishop
720,2015E2,2015E2_9,Aye,03/23/2016  3:04PM,2,,
720,2015E2,2015E2_10,Aye,03/23/2016  3:05PM,3,,
720,2015E2,2015E2_11,Aye,03/23/2016  3:08PM,2,,
483,2015E2,2015E2_1,Aye,03/23/2016 10:12AM,1,,
483,2015E2,2015E2_2,Aye,03/23/2016 10:15AM,1,R2,
483,2015E2,2015E2_3,Aye,03/23/2016  1:02PM,2,Motion 12,
483,2015E2,2015E2_4,No,03/23/2016  1:12PM,2,A1,"A1 Martin, G."
483,2015E2,2015E2_5,Aye,03/23/2016  1:38PM,2,A2,A2 Floyd
483,2015E2,2015E2_6,Aye,03/23/2016  1:38PM,2,A2,A2 Floyd
483,2015E2,2015E2_7,Aye,03/23/2016  2:36PM,2,A3,A3 Cotham
483,2015E2,2015E2_8,Aye,03/23/2016  2:53PM,2,A4,A4 Bishop
483,2015E2,2015E2_9,Aye,03/23/2016  3:04PM,2,,
483,2015E2,2015E2_10,Aye,03/23/2016  3:05PM,3,,
483,2015E2,2015E2_11,Aye,03/23/2016  3:08PM,2,,
972,2015E2,2015E2_1,Aye,03/23/2016 10:12AM,1,,
972,2015E2,2015E2_2,Aye,03/23/2016 10:15AM,1,R2,
972,2015E2,2015E2_3,Aye,03/23/2016  1:02PM,2,Motion 12,
972,2015E2,2015E2_4,No,03/23/2016  1:12PM,2,A1,"A1 Martin, G."
972,2015E2,2015E2_5,No,03/23/2016  1:38PM,2,A2,A2 Floyd
972,2015E2,2015E2_6,Aye,03/23/2016  1:38PM,2,A2,A2 Floyd
972,2015E2,2015E2_7,Aye,03/23/2016  2:36PM,2,A3,A3 Cotham
972,2015E2,2015E2_8,Aye,03/23/2016  2:53PM,2,A4,A4 Bishop
972,2015E2,2015E2_9,Aye,03/23/2016  3:04PM,2,,
972,2015E2,2015E2_10,Aye,03/23/2016  3:05PM,3,,
972,2015E2,2015E2_11,Aye,03/23/2016  3:08PM,2,,
795,2015E2,2015E2_1,Excused Absence,03/23/2016 10:12AM,1,,
795,2015E2,2015E2_2,Excused Absence,03/23/2016 10:15AM,1,R2,
795,2015E2,2015E2_3,Excused Absence,03/23/2016  1:02PM,2,Motion 12,
795,2015E2,2015E2_4,Excused Absence,03/23/2016  1:12PM,2,A1,"A1 Martin, G."
795,2015E2,2015E2_5,Excused Absence,03/23/2016  1:38PM,2,A2,A2 Floyd
795,2015E2,2015E2_6,Excused Absence,03/23/2016  1:38PM,2,A2,A2 Floyd
795,2015E2,2015E2_7,Excused Absence,03/23/2016  2:36PM,2,A3,A3 Cotham
795,2015E2,2015E2_8,Excused Absence,03/23/2016  2:53PM,2,A4,A4 Bishop
795,2015E2,2015E2_9,Excused Absence,03/23/2016  3:04PM,2,,
795,2015E2,2015E2_10,Excused Absence,03/23/2016  3:05PM,3,,
795,2015E2,2015E2_11,Excused Absence,03/23/2016  3:08PM,2,,
973,2015E2,2015E2_1,Aye,03/23/2016 10:12AM,1,,
973,2015E2,2015E2_2,Aye,03/23/2016 10:15AM,1,R2,
973,2015E2,2015E2_3,No,03/23/2016  1:02PM,2,Motion 12,
973,2015E2,2015E2_4,Aye,03/23/2016  1:12PM,2,A1,"A1 Martin, G."
973,2015E2,2015E2_5,Aye,03/23/2016  1:38PM,2,A2,A2 Floyd
973,2015E2,2015E2_6,No,03/23/2016  1:38PM,2,A2,A2 Floyd
973,2015E2,2015E2_7,Aye,03/23/2016  2:36PM,2,A3,A3 Cotham
973,2015E2,2015E2_8,Aye,03/23/2016  2:53PM,2,A4,A4 Bishop
973,2015E2,2015E2_9,Aye,03/23/2016  3:04PM,2,,
973,2015E2,2015E2_10,Aye,03/23/2016  3:05PM,3,,
973,2015E2,2015E2_11,Aye,03/23/2016  3:08PM,2,,
746,2015E2,2015E2_1,Aye,03/23/2016 10:12AM,1,,
746,2015E2,2015E2_2,Aye,03/23/2016 10:15AM,1,R2,
746,2015E2,2015E2_3,No,03/23/2016  1:02PM,2,Motion 12,
746,2015E2,2015E2_4,Aye,03/23/2016  1:12PM,2,A1,"A1 Martin, G."
746,2015E2,2015E2_5,Aye,03/23/2016  1:38PM,2,A2,A2 Floyd
746,2015E2,2015E2_6,No,03/23/2016  1:38PM,2,A2,A2 Floyd
746,2015E2,2015E2_7,Aye,03/23/2016  2:36PM,2,A3,A3 Cotham
746,2015E2,2015E2_8,Aye,03/23/2016  2:53PM,2,A4,A4 Bishop
746,2015E2,2015E2_9,Aye,03/23/2016  3:04PM,2,,
746,2015E2,2015E2_10,Aye,03/23/2016  3:05PM,3,,
746,2015E2,2015E2_11,Aye,03/23/2016  3:08PM,2,,
787,2015E2,2015E2_1,Aye,03/23/2016 10:12AM,1,,
787,2015E2,2015E2_2,Aye,03/23/2016 10:15AM,1,R2,
787,2015E2,2015E2_3,Aye,03/23/2016  1:02PM,2,Motion 12,
787,2015E2,2015E2_4,No,03/23/2016  1:12PM,2,A1,"A1 Martin, G."
787,2015E2,2015E2_5,No,03/23/2016  1:38PM,2,A2,A2 Floyd
787,2015E2,2015E2_6,Aye,03/23/2016  1:38PM,2,A2,A2 Floyd
787,2015E2,2015E2_7,Aye,03/23/2016  2:36PM,2,A3,A3 Cotham
787,2015E2,2015E2_8,Aye,03/23/2016  2:53PM,2,A4,A4 Bishop
787,2015E2,2015E2_9,No,03/23/2016  3:04PM,2,,
787,2015E2,2015E2_10,No,03/23/2016  3:05PM,3,,
787,2015E2,2015E2_11,Aye,03/23/2016  3:08PM,2,,
477,2015E2,2015E2_1,Aye,03/23/2016 10:12AM,1,,
477,2015E2,2015E2_2,Aye,03/23/2016 10:15AM,1,R2,
477,2015E2,2015E2_3,No,03/23/2016  1:02PM,2,Motion 12,
477,2015E2,2015E2_4,Aye,03/23/2016  1:12PM,2,A1,"A1 Martin, G."
477,2015E2,2015E2_5,Aye,03/23/2016  1:38PM,2,A2,A2 Floyd
477,2015E2,2015E2_6,No,03/23/2016  1:38PM,2,A2,A2 Floyd
477,2015E2,2015E2_7,Aye,03/23/2016  2:36PM,2,A3,A3 Cotham
477,2015E2,2015E2_8,Aye,03/23/2016  2:53PM,2,A4,A4 Bishop
477,2015E2,2015E2_9,Aye,03/23/2016  3:04PM,2,,
477,2015E2,2015E2_10,Aye,03/23/2016  3:05PM,3,,
477,2015E2,2015E2_11,Aye,03/23/2016  3:08PM,2,,
475,2015E2,2015E2_1,Aye,03/23/2016 10:12AM,1,,
475,2015E2,2015E2_2,Aye,03/23/2016 10:15AM,1,R2,
475,2015E2,2015E2_3,Aye,03/23/2016  1:02PM,2,Motion 12,
475,2015E2,2015E2_4,No,03/23/2016  1:12PM,2,A1,"A1 Martin, G."
475,2015E2,2015E2_5,Aye,03/23/2016  1:38PM,2,A2,A2 Floyd
475,2015E2,2015E2_6,Aye,03/23/2016  1:38PM,2,A2,A2 Floyd
475,2015E2,2015E2_7,Aye,03/23/2016  2:36PM,2,A3,A3 Cotham
475,2015E2,2015E2_8,Aye,03/23/2016  2:53PM,2,A4,A4 Bishop
475,2015E2,2015E2_9,No,03/23/2016  3:04PM,2,,
475,2015E2,2015E2_10,No,03/23/2016  3:05PM,3,,
475,2015E2,2015E2_11,Aye,03/23/2016  3:08PM,2,,
778,2015E2,2015E2_1,Aye,03/23/2016 10:12AM,1,,
778,2015E2,2015E2_2,Aye,03/23/2016 10:15AM,1,R2,
778,2015E2,2015E2_3,No,03/23/2016  1:02PM,2,Motion 12,
778,2015E2,2015E2_4,Aye,03/23/2016  1:12PM,2,A1,"A1 Martin, G."
778,2015E2,2015E2_5,Aye,03/23/2016  1:38PM,2,A2,A2 Floyd
778,2015E2,2015E2_6,No,03/23/2016  1:38PM,2,A2,A2 Floyd
778,2015E2,2015E2_7,Aye,03/23/2016  2:36PM,2,A3,A3 Cotham
778,2015E2,2015E2_8,Aye,03/23/2016  2:53PM,2,A4,A4 Bishop
778,2015E2,2015E2_9,Aye,03/23/2016  3:04PM,2,,
778,2015E2,2015E2_10,Aye,03/23/2016  3:05PM,3,,
778,2015E2,2015E2_11,Aye,03/23/2016  3:08PM,2,,
680,2015E2,2015E2_1,Aye,03/23/2016 10:12AM,1,,
680,2015E2,2015E2_2,Aye,03/23/2016 10:15AM,1,R2,
680,2015E2,2015E2_3,Aye,03/23/2016  1:02PM,2,Motion 12,
680,2015E2,2015E2_4,No,03/23/2016  1:12PM,2,A1,"A1 Martin, G."
680,2015E2,2015E2_5,Aye,03/23/2016  1:38PM,2,A2,A2 Floyd
680,2015E2,2015E2_6,Aye,03/23/2016  1:38PM,2,A2,A2 Floyd
680,2015E2,2015E2_7,Aye,03/23/2016  2:36PM,2,A3,A3 Cotham
680,2015E2,2015E2_8,Aye,03/23/2016  2:53PM,2,A4,A4 Bishop
680,2015E2,2015E2_9,No,03/23/2016  3:04PM,2,,
680,2015E2,2015E2_10,No,03/23/2016  3:05PM,3,,
680,2015E2,2015E2_11,Aye,03/23/2016  3:08PM,2,,
595,2015E2,2015E2_1,Aye,03/23/2016 10:12AM,1,,
595,2015E2,2015E2_2,Aye,03/23/2016 10:15AM,1,R2,
595,2015E2,2015E2_3,No,03/23/2016  1:02PM,2,Motion 12,
595,2015E2,2015E2_4,Aye,03/23/2016  1:12PM,2,A1,"A1 Martin, G."
595,2015E2,2015E2_5,Aye,03/23/2016  1:38PM,2,A2,A2 Floyd
595,2015E2,2015E2_6,No,03/23/2016  1:38PM,2,A2,A2 Floyd
595,2015E2,2015E2_7,Aye,03/23/2016  2:36PM,2,A3,A3 Cotham
595,2015E2,2015E2_8,Aye,03/23/2016  2:53PM,2,A4,A4 Bishop
595,2015E2,2015E2_9,Aye,03/23/2016  3:04PM,2,,
595,2015E2,2015E2_10,Aye,03/23/2016  3:05PM,3,,
595,2015E2,2015E2_11,Aye,03/23/2016  3:08PM,2,,
678,2015E2,2015E2_1,Excused Absence,03/23/2016 10:12AM,1,,
678,2015E2,2015E2_2,Excused Absence,03/23/2016 10:15AM,1,R2,
678,2015E2,2015E2_3,Excused Absence,03/23/2016  1:02PM,2,Motion 12,
678,2015E2,2015E2_4,Excused Absence,03/23/2016  1:12PM,2,A1,"A1 Martin, G."
678,2015E2,2015E2_5,Excused Absence,03/23/2016  1:38PM,2,A2,A2 Floyd
678,2015E2,2015E2_6,Excused Absence,03/23/2016  1:38PM,2,A2,A2 Floyd
678,2015E2,2015E2_7,Excused Absence,03/23/2016  2:36PM,2,A3,A3 Cotham
678,2015E2,2015E2_8,Excused Absence,03/23/2016  2:53PM,2,A4,A4 Bishop
678,2015E2,2015E2_9,Excused Absence,03/23/2016  3:04PM,2,,
678,2015E2,2015E2_10,Excused Absence,03/23/2016  3:05PM,3,,
678,2015E2,2015E2_11,Excused Absence,03/23/2016  3:08PM,2,,
468,2015E2,2015E2_1,Excused Absence,03/23/2016 10:12AM,1,,
468,2015E2,2015E2_2,Excused Absence,03/23/2016 10:15AM,1,R2,
468,2015E2,2015E2_3,Excused Absence,03/23/2016  1:02PM,2,Motion 12,
468,2015E2,2015E2_4,Excused Absence,03/23/2016  1:12PM,2,A1,"A1 Martin, G."
468,2015E2,2015E2_5,Excused Absence,03/23/2016  1:38PM,2,A2,A2 Floyd
468,2015E2,2015E2_6,Excused Absence,03/23/2016  1:38PM,2,A2,A2 Floyd
468,2015E2,2015E2_7,Excused Absence,03/23/2016  2:36PM,2,A3,A3 Cotham
468,2015E2,2015E2_8,Excused Absence,03/23/2016  2:53PM,2,A4,A4 Bishop
468,2015E2,2015E2_9,Excused Absence,03/23/2016  3:04PM,2,,
468,2015E2,2015E2_10,Excused Absence,03/23/2016  3:05PM,3,,
468,2015E2,2015E2_11,Excused Absence,03/23/2016  3:08PM,2,,
744,2015E2,2015E2_1,Aye,03/23/2016 10:12AM,1,,
744,2015E2,2015E2_2,Aye,03/23/2016 10:15AM,1,R2,
744,2015E2,2015E2_3,No,03/23/2016  1:02PM,2,Motion 12,
744,2015E2,2015E2_4,Aye,03/23/2016  1:12PM,2,A1,"A1 Martin, G."
744,2015E2,2015E2_5,Aye,03/23/2016  1:38PM,2,A2,A2 Floyd
744,2015E2,2015E2_6,No,03/23/2016  1:38PM,2,A2,A2 Floyd
744,2015E2,2015E2_7,Aye,03/23/2016  2:36PM,2,A3,A3 Cotham
744,2015E2,2015E2_8,Aye,03/23/2016  2:53PM,2,A4,A4 Bishop
744,2015E2,2015E2_9,Aye,03/23/2016  3:04PM,2,,
744,2015E2,2015E2_10,Aye,03/23/2016  3:05PM,3,,
744,2015E2,2015E2_11,Aye,03/23/2016  3:08PM,2,,
743,2015E2,2015E2_1,N/V,03/23/2016 10:12AM,1,,
743,2015E2,2015E2_2,N/V,03/23/2016 10:15AM,1,R2,
743,2015E2,2015E2_3,No,03/23/2016  1:02PM,2,Motion 12,
743,2015E2,2015E2_4,Aye,03/23/2016  1:12PM,2,A1,"A1 Martin, G."
743,2015E2,2015E2_5,Aye,03/23/2016  1:38PM,2,A2,A2 Floyd
743,2015E2,2015E2_6,No,03/23/2016  1:38PM,2,A2,A2 Floyd
743,2015E2,2015E2_7,Aye,03/23/2016  2:36PM,2,A3,A3 Cotham
743,2015E2,2015E2_8,Aye,03/23/2016  2:53PM,2,A4,A4 Bishop
743,2015E2,2015E2_9,Aye,03/23/2016  3:04PM,2,,
743,2015E2,2015E2_10,Aye,03/23/2016  3:05PM,3,,
743,2015E2,2015E2_11,Aye,03/23/2016  3:08PM,2,,
464,2015E2,2015E2_1,Aye,03/23/2016 10:12AM,1,,
464,2015E2,2015E2_2,Aye,03/23/2016 10:15AM,1,R2,
464,2015E2,2015E2_3,No,03/23/2016  1:02PM,2,Motion 12,
464,2015E2,2015E2_4,Aye,03/23/2016  1:12PM,2,A1,"A1 Martin, G."
464,2015E2,2015E2_5,Aye,03/23/2016  1:38PM,2,A2,A2 Floyd
464,2015E2,2015E2_6,No,03/23/2016  1:38PM,2,A2,A2 Floyd
464,2015E2,2015E2_7,Aye,03/23/2016  2:36PM,2,A3,A3 Cotham
464,2015E2,2015E2_8,Aye,03/23/2016  2:53PM,2,A4,A4 Bishop
464,2015E2,2015E2_9,Aye,03/23/2016  3:04PM,2,,
464,2015E2,2015E2_10,Aye,03/23/2016  3:05PM,3,,
464,2015E2,2015E2_11,Aye,03/23/2016  3:08PM,2,,
742,2015E2,2015E2_1,Aye,03/23/2016 10:12AM,1,,
742,2015E2,2015E2_2,Aye,03/23/2016 10:15AM,1,R2,
742,2015E2,2015E2_3,No,03/23/2016  1:02PM,2,Motion 12,
742,2015E2,2015E2_4,Aye,03/23/2016  1:12PM,2,A1,"A1 Martin, G."
742,2015E2,2015E2_5,N/V,03/23/2016  1:38PM,2,A2,A2 Floyd
742,2015E2,2015E2_6,N/V,03/23/2016  1:38PM,2,A2,A2 Floyd
742,2015E2,2015E2_7,Aye,03/23/2016  2:36PM,2,A3,A3 Cotham
742,2015E2,2015E2_8,Aye,03/23/2016  2:53PM,2,A4,A4 Bishop
742,2015E2,2015E2_9,Aye,03/23/2016  3:04PM,2,,
742,2015E2,2015E2_10,Aye,03/23/2016  3:05PM,3,,
742,2015E2,2015E2_11,Aye,03/23/2016  3:08PM,2,,
466,2015E2,2015E2_1,Aye,03/23/2016 10:12AM,1,,
466,2015E2,2015E2_2,Aye,03/23/2016 10:15AM,1,R2,
466,2015E2,2015E2_3,No,03/23/2016  1:02PM,2,Motion 12,
466,2015E2,2015E2_4,Aye,03/23/2016  1:12PM,2,A1,"A1 Martin, G."
466,2015E2,2015E2_5,Aye,03/23/2016  1:38PM,2,A2,A2 Floyd
466,2015E2,2015E2_6,No,03/23/2016  1:38PM,2,A2,A2 Floyd
466,2015E2,2015E2_7,Aye,03/23/2016  2:36PM,2,A3,A3 Cotham
466,2015E2,2015E2_8,Aye,03/23/2016  2:53PM,2,A4,A4 Bishop
466,2015E2,2015E2_9,Aye,03/23/2016  3:04PM,2,,
466,2015E2,2015E2_10,Aye,03/23/2016  3:05PM,3,,
466,2015E2,2015E2_11,Aye,03/23/2016  3:08PM,2,,
784,2015E2,2015E2_1,Aye,03/23/2016 10:12AM,1,,
784,2015E2,2015E2_2,Aye,03/23/2016 10:15AM,1,R2,
784,2015E2,2015E2_3,Aye,03/23/2016  1:02PM,2,Motion 12,
784,2015E2,2015E2_4,No,03/23/2016  1:12PM,2,A1,"A1 Martin, G."
784,2015E2,2015E2_5,No,03/23/2016  1:38PM,2,A2,A2 Floyd
784,2015E2,2015E2_6,Aye,03/23/2016  1:38PM,2,A2,A2 Floyd
784,2015E2,2015E2_7,Aye,03/23/2016  2:36PM,2,A3,A3 Cotham
784,2015E2,2015E2_8,Aye,03/23/2016  2:53PM,2,A4,A4 Bishop
784,2015E2,2015E2_9,No,03/23/2016  3:04PM,2,,
784,2015E2,2015E2_10,No,03/23/2016  3:05PM,3,,
784,2015E2,2015E2_11,Aye,03/23/2016  3:08PM,2,,
676,2015E2,2015E2_1,Aye,03/23/2016 10:12AM,1,,
676,2015E2,2015E2_2,Aye,03/23/2016 10:15AM,1,R2,
676,2015E2,2015E2_3,No,03/23/2016  1:02PM,2,Motion 12,
676,2015E2,2015E2_4,Aye,03/23/2016  1:12PM,2,A1,"A1 Martin, G."
676,2015E2,2015E2_5,No,03/23/2016  1:38PM,2,A2,A2 Floyd
676,2015E2,2015E2_6,No,03/23/2016  1:38PM,2,A2,A2 Floyd
676,2015E2,2015E2_7,Aye,03/23/2016  2:36PM,2,A3,A3 Cotham
676,2015E2,2015E2_8,Aye,03/23/2016  2:53PM,2,A4,A4 Bishop
676,2015E2,2015E2_9,Aye,03/23/2016  3:04PM,2,,
676,2015E2,2015E2_10,Aye,03/23/2016  3:05PM,3,,
676,2015E2,2015E2_11,Aye,03/23/2016  3:08PM,2,,
675,2015E2,2015E2_1,Aye,03/23/2016 10:12AM,1,,
675,2015E2,2015E2_2,Aye,03/23/2016 10:15AM,1,R2,
675,2015E2,2015E2_3,No,03/23/2016  1:02PM,2,Motion 12,
675,2015E2,2015E2_4,Aye,03/23/2016  1:12PM,2,A1,"A1 Martin, G."
675,2015E2,2015E2_5,Aye,03/23/2016  1:38PM,2,A2,A2 Floyd
675,2015E2,2015E2_6,No,03/23/2016  1:38PM,2,A2,A2 Floyd
675,2015E2,2015E2_7,Aye,03/23/2016  2:36PM,2,A3,A3 Cotham
675,2015E2,2015E2_8,Aye,03/23/2016  2:53PM,2,A4,A4 Bishop
675,2015E2,2015E2_9,Aye,03/23/2016  3:04PM,2,,
675,2015E2,2015E2_10,Aye,03/23/2016  3:05PM,3,,
675,2015E2,2015E2_11,Aye,03/23/2016  3:08PM,2,,
459,2015E2,2015E2_1,N/V,03/23/2016 10:12AM,1,,
459,2015E2,2015E2_2,N/V,03/23/2016 10:15AM,1,R2,
459,2015E2,2015E2_3,No,03/23/2016  1:02PM,2,Motion 12,
459,2015E2,2015E2_4,Aye,03/23/2016  1:12PM,2,A1,"A1 Martin, G."
459,2015E2,2015E2_5,Aye,03/23/2016  1:38PM,2,A2,A2 Floyd
459,2015E2,2015E2_6,No,03/23/2016  1:38PM,2,A2,A2 Floyd
459,2015E2,2015E2_7,Aye,03/23/2016  2:36PM,2,A3,A3 Cotham
459,2015E2,2015E2_8,Aye,03/23/2016  2:53PM,2,A4,A4 Bishop
459,2015E2,2015E2_9,Aye,03/23/2016  3:04PM,2,,
459,2015E2,2015E2_10,Aye,03/23/2016  3:05PM,3,,
459,2015E2,2015E2_11,Aye,03/23/2016  3:08PM,2,,
467,2015E2,2015E2_1,Aye,03/23/2016 10:12AM,1,,
467,2015E2,2015E2_2,Aye,03/23/2016 10:15AM,1,R2,
467,2015E2,2015E2_3,Aye,03/23/2016  1:02PM,2,Motion 12,
467,2015E2,2015E2_4,No,03/23/2016  1:12PM,2,A1,"A1 Martin, G."
467,2015E2,2015E2_5,Aye,03/23/2016  1:38PM,2,A2,A2 Floyd
467,2015E2,2015E2_6,Aye,03/23/2016  1:38PM,2,A2,A2 Floyd
467,2015E2,2015E2_7,Aye,03/23/2016  2:36PM,2,A3,A3 Cotham
467,2015E2,2015E2_8,Aye,03/23/2016  2:53PM,2,A4,A4 Bishop
467,2015E2,2015E2_9,No,03/23/2016  3:04PM,2,,
467,2015E2,2015E2_10,No,03/23/2016  3:05PM,3,,
467,2015E2,2015E2_11,Aye,03/23/2016  3:08PM,2,,
741,2015E2,2015E2_1,Excused Absence,03/23/2016 10:12AM,1,,
741,2015E2,2015E2_2,Excused Absence,03/23/2016 10:15AM,1,R2,
741,2015E2,2015E2_3,Excused Absence,03/23/2016  1:02PM,2,Motion 12,
741,2015E2,2015E2_4,Excused Absence,03/23/2016  1:12PM,2,A1,"A1 Martin, G."
741,2015E2,2015E2_5,Excused Absence,03/23/2016  1:38PM,2,A2,A2 Floyd
741,2015E2,2015E2_6,Excused Absence,03/23/2016  1:38PM,2,A2,A2 Floyd
741,2015E2,2015E2_7,Excused Absence,03/23/2016  2:36PM,2,A3,A3 Cotham
741,2015E2,2015E2_8,Excused Absence,03/23/2016  2:53PM,2,A4,A4 Bishop
741,2015E2,2015E2_9,Excused Absence,03/23/2016  3:04PM,2,,
741,2015E2,2015E2_10,Excused Absence,03/23/2016  3:05PM,3,,
741,2015E2,2015E2_11,Excused Absence,03/23/2016  3:08PM,2,,
457,2015E2,2015E2_1,Aye,03/23/2016 10:12AM,1,,
457,2015E2,2015E2_2,Aye,03/23/2016 10:15AM,1,R2,
457,2015E2,2015E2_3,Aye,03/23/2016  1:02PM,2,Motion 12,
457,2015E2,2015E2_4,No,03/23/2016  1:12PM,2,A1,"A1 Martin, G."
457,2015E2,2015E2_5,No,03/23/2016  1:38PM,2,A2,A2 Floyd
457,2015E2,2015E2_6,Aye,03/23/2016  1:38PM,2,A2,A2 Floyd
457,2015E2,2015E2_7,Aye,03/23/2016  2:36PM,2,A3,A3 Cotham
457,2015E2,2015E2_8,Aye,03/23/2016  2:53PM,2,A4,A4 Bishop
457,2015E2,2015E2_9,No,03/23/2016  3:04PM,2,,
457,2015E2,2015E2_10,No,03/23/2016  3:05PM,3,,
457,2015E2,2015E2_11,Aye,03/23/2016  3:08PM,2,,
592,2015E2,2015E2_1,Aye,03/23/2016 10:12AM,1,,
592,2015E2,2015E2_2,Aye,03/23/2016 10:15AM,1,R2,
592,2015E2,2015E2_3,No,03/23/2016  1:02PM,2,Motion 12,
592,2015E2,2015E2_4,Aye,03/23/2016  1:12PM,2,A1,"A1 Martin, G."
592,2015E2,2015E2_5,Aye,03/23/2016  1:38PM,2,A2,A2 Floyd
592,2015E2,2015E2_6,No,03/23/2016  1:38PM,2,A2,A2 Floyd
592,2015E2,2015E2_7,Aye,03/23/2016  2:36PM,2,A3,A3 Cotham
592,2015E2,2015E2_8,Aye,03/23/2016  2:53PM,2,A4,A4 Bishop
592,2015E2,2015E2_9,Aye,03/23/2016  3:04PM,2,,
592,2015E2,2015E2_10,Aye,03/23/2016  3:05PM,3,,
592,2015E2,2015E2_11,Aye,03/23/2016  3:08PM,2,,
633,2015E2,2015E2_1,No,03/23/2016 10:12AM,1,,
633,2015E2,2015E2_2,Aye,03/23/2016 10:15AM,1,R2,
633,2015E2,2015E2_3,Aye,03/23/2016  1:02PM,2,Motion 12,
633,2015E2,2015E2_4,No,03/23/2016  1:12PM,2,A1,"A1 Martin, G."
633,2015E2,2015E2_5,No,03/23/2016  1:38PM,2,A2,A2 Floyd
633,2015E2,2015E2_6,Aye,03/23/2016  1:38PM,2,A2,A2 Floyd
633,2015E2,2015E2_7,Aye,03/23/2016  2:36PM,2,A3,A3 Cotham
633,2015E2,2015E2_8,Aye,03/23/2016  2:53PM,2,A4,A4 Bishop
633,2015E2,2015E2_9,No,03/23/2016  3:04PM,2,,
633,2015E2,2015E2_10,No,03/23/2016  3:05PM,3,,
633,2015E2,2015E2_11,Aye,03/23/2016  3:08PM,2,,
910,2015E2,2015E2_1,Aye,03/23/2016 10:12AM,1,,
910,2015E2,2015E2_2,Aye,03/23/2016 10:15AM,1,R2,
910,2015E2,2015E2_3,Aye,03/23/2016  1:02PM,2,Motion 12,
910,2015E2,2015E2_4,No,03/23/2016  1:12PM,2,A1,"A1 Martin, G."
910,2015E2,2015E2_5,Aye,03/23/2016  1:38PM,2,A2,A2 Floyd
910,2015E2,2015E2_6,Aye,03/23/2016  1:38PM,2,A2,A2 Floyd
910,2015E2,2015E2_7,Aye,03/23/2016  2:36PM,2,A3,A3 Cotham
910,2015E2,2015E2_8,Aye,03/23/2016  2:53PM,2,A4,A4 Bishop
910,2015E2,2015E2_9,Aye,03/23/2016  3:04PM,2,,
910,2015E2,2015E2_10,Aye,03/23/2016  3:05PM,3,,
910,2015E2,2015E2_11,Aye,03/23/2016  3:08PM,2,,
674,2015E2,2015E2_1,Aye,03/23/2016 10:12AM,1,,
674,2015E2,2015E2_2,Aye,03/23/2016 10:15AM,1,R2,
674,2015E2,2015E2_3,No,03/23/2016  1:02PM,2,Motion 12,
674,2015E2,2015E2_4,Aye,03/23/2016  1:12PM,2,A1,"A1 Martin, G."
674,2015E2,2015E2_5,Aye,03/23/2016  1:38PM,2,A2,A2 Floyd
674,2015E2,2015E2_6,No,03/23/2016  1:38PM,2,A2,A2 Floyd
674,2015E2,2015E2_7,Aye,03/23/2016  2:36PM,2,A3,A3 Cotham
674,2015E2,2015E2_8,Aye,03/23/2016  2:53PM,2,A4,A4 Bishop
674,2015E2,2015E2_9,Aye,03/23/2016  3:04PM,2,,
674,2015E2,2015E2_10,Aye,03/23/2016  3:05PM,3,,
674,2015E2,2015E2_11,Aye,03/23/2016  3:08PM,2,,
455,2015E2,2015E2_1,Aye,03/23/2016 10:12AM,1,,
455,2015E2,2015E2_2,Aye,03/23/2016 10:15AM,1,R2,
455,2015E2,2015E2_3,No,03/23/2016  1:02PM,2,Motion 12,
455,2015E2,2015E2_4,Aye,03/23/2016  1:12PM,2,A1,"A1 Martin, G."
455,2015E2,2015E2_5,Aye,03/23/2016  1:38PM,2,A2,A2 Floyd
455,2015E2,2015E2_6,No,03/23/2016  1:38PM,2,A2,A2 Floyd
455,2015E2,2015E2_7,Aye,03/23/2016  2:36PM,2,A3,A3 Cotham
455,2015E2,2015E2_8,Aye,03/23/2016  2:53PM,2,A4,A4 Bishop
455,2015E2,2015E2_9,Aye,03/23/2016  3:04PM,2,,
455,2015E2,2015E2_10,Aye,03/23/2016  3:05PM,3,,
455,2015E2,2015E2_11,Aye,03/23/2016  3:08PM,2,,
740,2015E2,2015E2_1,Aye,03/23/2016 10:12AM,1,,
740,2015E2,2015E2_2,Aye,03/23/2016 10:15AM,1,R2,
740,2015E2,2015E2_3,Aye,03/23/2016  1:02PM,2,Motion 12,
740,2015E2,2015E2_4,No,03/23/2016  1:12PM,2,A1,"A1 Martin, G."
740,2015E2,2015E2_5,Aye,03/23/2016  1:38PM,2,A2,A2 Floyd
740,2015E2,2015E2_6,Aye,03/23/2016  1:38PM,2,A2,A2 Floyd
740,2015E2,2015E2_7,Aye,03/23/2016  2:36PM,2,A3,A3 Cotham
740,2015E2,2015E2_8,Aye,03/23/2016  2:53PM,2,A4,A4 Bishop
740,2015E2,2015E2_9,No,03/23/2016  3:04PM,2,,
740,2015E2,2015E2_10,No,03/23/2016  3:05PM,3,,
740,2015E2,2015E2_11,Aye,03/23/2016  3:08PM,2,,
739,2015E2,2015E2_1,Aye,03/23/2016 10:12AM,1,,
739,2015E2,2015E2_2,Aye,03/23/2016 10:15AM,1,R2,
739,2015E2,2015E2_3,No,03/23/2016  1:02PM,2,Motion 12,
739,2015E2,2015E2_4,Aye,03/23/2016  1:12PM,2,A1,"A1 Martin, G."
739,2015E2,2015E2_5,Aye,03/23/2016  1:38PM,2,A2,A2 Floyd
739,2015E2,2015E2_6,No,03/23/2016  1:38PM,2,A2,A2 Floyd
739,2015E2,2015E2_7,Aye,03/23/2016  2:36PM,2,A3,A3 Cotham
739,2015E2,2015E2_8,Aye,03/23/2016  2:53PM,2,A4,A4 Bishop
739,2015E2,2015E2_9,Aye,03/23/2016  3:04PM,2,,
739,2015E2,2015E2_10,Aye,03/23/2016  3:05PM,3,,
739,2015E2,2015E2_11,Aye,03/23/2016  3:08PM,2,,
448,2015E2,2015E2_1,Aye,03/23/2016 10:12AM,1,,
448,2015E2,2015E2_2,Aye,03/23/2016 10:15AM,1,R2,
448,2015E2,2015E2_3,Aye,03/23/2016  1:02PM,2,Motion 12,
448,2015E2,2015E2_4,No,03/23/2016  1:12PM,2,A1,"A1 Martin, G."
448,2015E2,2015E2_5,Aye,03/23/2016  1:38PM,2,A2,A2 Floyd
448,2015E2,2015E2_6,Aye,03/23/2016  1:38PM,2,A2,A2 Floyd
448,2015E2,2015E2_7,Aye,03/23/2016  2:36PM,2,A3,A3 Cotham
448,2015E2,2015E2_8,Aye,03/23/2016  2:53PM,2,A4,A4 Bishop
448,2015E2,2015E2_9,No,03/23/2016  3:04PM,2,,
448,2015E2,2015E2_10,No,03/23/2016  3:05PM,3,,
448,2015E2,2015E2_11,Aye,03/23/2016  3:08PM,2,,
672,2015E2,2015E2_1,Aye,03/23/2016 10:12AM,1,,
672,2015E2,2015E2_2,Aye,03/23/2016 10:15AM,1,R2,
672,2015E2,2015E2_3,No,03/23/2016  1:02PM,2,Motion 12,
672,2015E2,2015E2_4,Aye,03/23/2016  1:12PM,2,A1,"A1 Martin, G."
672,2015E2,2015E2_5,Aye,03/23/2016  1:38PM,2,A2,A2 Floyd
672,2015E2,2015E2_6,No,03/23/2016  1:38PM,2,A2,A2 Floyd
672,2015E2,2015E2_7,Aye,03/23/2016  2:36PM,2,A3,A3 Cotham
672,2015E2,2015E2_8,Aye,03/23/2016  2:53PM,2,A4,A4 Bishop
672,2015E2,2015E2_9,Aye,03/23/2016  3:04PM,2,,
672,2015E2,2015E2_10,Aye,03/23/2016  3:05PM,3,,
672,2015E2,2015E2_11,Aye,03/23/2016  3:08PM,2,,
738,2015E2,2015E2_1,Aye,03/23/2016 10:12AM,1,,
738,2015E2,2015E2_2,Aye,03/23/2016 10:15AM,1,R2,
738,2015E2,2015E2_3,Aye,03/23/2016  1:02PM,2,Motion 12,
738,2015E2,2015E2_4,No,03/23/2016  1:12PM,2,A1,"A1 Martin, G."
738,2015E2,2015E2_5,No,03/23/2016  1:38PM,2,A2,A2 Floyd
738,2015E2,2015E2_6,Aye,03/23/2016  1:38PM,2,A2,A2 Floyd
738,2015E2,2015E2_7,Aye,03/23/2016  2:36PM,2,A3,A3 Cotham
738,2015E2,2015E2_8,Aye,03/23/2016  2:53PM,2,A4,A4 Bishop
738,2015E2,2015E2_9,No,03/23/2016  3:04PM,2,,
738,2015E2,2015E2_10,No,03/23/2016  3:05PM,3,,
738,2015E2,2015E2_11,Aye,03/23/2016  3:08PM,2,,
671,2015E2,2015E2_1,Excused Absence,03/23/2016 10:12AM,1,,
671,2015E2,2015E2_2,Excused Absence,03/23/2016 10:15AM,1,R2,
671,2015E2,2015E2_3,Aye,03/23/2016  1:02PM,2,Motion 12,
671,2015E2,2015E2_4,No,03/23/2016  1:12PM,2,A1,"A1 Martin, G."
671,2015E2,2015E2_5,Aye,03/23/2016  1:38PM,2,A2,A2 Floyd
671,2015E2,2015E2_6,Aye,03/23/2016  1:38PM,2,A2,A2 Floyd
671,2015E2,2015E2_7,Aye,03/23/2016  2:36PM,2,A3,A3 Cotham
671,2015E2,2015E2_8,Aye,03/23/2016  2:53PM,2,A4,A4 Bishop
671,2015E2,2015E2_9,No,03/23/2016  3:04PM,2,,
671,2015E2,2015E2_10,No,03/23/2016  3:05PM,3,,
671,2015E2,2015E2_11,Aye,03/23/2016  3:08PM,2,,
579,2015E2,2015E2_1,Aye,03/23/2016 10:12AM,1,,
579,2015E2,2015E2_2,Aye,03/23/2016 10:15AM,1,R2,
579,2015E2,2015E2_3,Aye,03/23/2016  1:02PM,2,Motion 12,
579,2015E2,2015E2_4,No,03/23/2016  1:12PM,2,A1,"A1 Martin, G."
579,2015E2,2015E2_5,Aye,03/23/2016  1:38PM,2,A2,A2 Floyd
579,2015E2,2015E2_6,Aye,03/23/2016  1:38PM,2,A2,A2 Floyd
579,2015E2,2015E2_7,Aye,03/23/2016  2:36PM,2,A3,A3 Cotham
579,2015E2,2015E2_8,Aye,03/23/2016  2:53PM,2,A4,A4 Bishop
579,2015E2,2015E2_9,No,03/23/2016  3:04PM,2,,
579,2015E2,2015E2_10,No,03/23/2016  3:05PM,3,,
579,2015E2,2015E2_11,Aye,03/23/2016  3:08PM,2,,
642,2015E2,2015E2_1,Aye,03/23/2016 10:12AM,1,,
642,2015E2,2015E2_2,Aye,03/23/2016 10:15AM,1,R2,
642,2015E2,2015E2_3,No,03/23/2016  1:02PM,2,Motion 12,
642,2015E2,2015E2_4,Aye,03/23/2016  1:12PM,2,A1,"A1 Martin, G."
642,2015E2,2015E2_5,Aye,03/23/2016  1:38PM,2,A2,A2 Floyd
642,2015E2,2015E2_6,No,03/23/2016  1:38PM,2,A2,A2 Floyd
642,2015E2,2015E2_7,Aye,03/23/2016  2:36PM,2,A3,A3 Cotham
642,2015E2,2015E2_8,Aye,03/23/2016  2:53PM,2,A4,A4 Bishop
642,2015E2,2015E2_9,Aye,03/23/2016  3:04PM,2,,
642,2015E2,2015E2_10,Aye,03/23/2016  3:05PM,3,,
642,2015E2,2015E2_11,Aye,03/23/2016  3:08PM,2,,
974,2015E2,2015E2_1,Aye,03/23/2016 10:12AM,1,,
974,2015E2,2015E2_2,Aye,03/23/2016 10:15AM,1,R2,
974,2015E2,2015E2_3,No,03/23/2016  1:02PM,2,Motion 12,
974,2015E2,2015E2_4,Aye,03/23/2016  1:12PM,2,A1,"A1 Martin, G."
974,2015E2,2015E2_5,Aye,03/23/2016  1:38PM,2,A2,A2 Floyd
974,2015E2,2015E2_6,No,03/23/2016  1:38PM,2,A2,A2 Floyd
974,2015E2,2015E2_7,Aye,03/23/2016  2:36PM,2,A3,A3 Cotham
974,2015E2,2015E2_8,Aye,03/23/2016  2:53PM,2,A4,A4 Bishop
974,2015E2,2015E2_9,Aye,03/23/2016  3:04PM,2,,
974,2015E2,2015E2_10,Aye,03/23/2016  3:05PM,3,,
974,2015E2,2015E2_11,Aye,03/23/2016  3:08PM,2,,
737,2015E2,2015E2_1,Aye,03/23/2016 10:12AM,1,,
737,2015E2,2015E2_2,Aye,03/23/2016 10:15AM,1,R2,
737,2015E2,2015E2_3,Aye,03/23/2016  1:02PM,2,Motion 12,
737,2015E2,2015E2_4,No,03/23/2016  1:12PM,2,A1,"A1 Martin, G."
737,2015E2,2015E2_5,No,03/23/2016  1:38PM,2,A2,A2 Floyd
737,2015E2,2015E2_6,Aye,03/23/2016  1:38PM,2,A2,A2 Floyd
737,2015E2,2015E2_7,Aye,03/23/2016  2:36PM,2,A3,A3 Cotham
737,2015E2,2015E2_8,Aye,03/23/2016  2:53PM,2,A4,A4 Bishop
737,2015E2,2015E2_9,No,03/23/2016  3:04PM,2,,
737,2015E2,2015E2_10,No,03/23/2016  3:05PM,3,,
737,2015E2,2015E2_11,Aye,03/23/2016  3:08PM,2,,
670,2015E2,2015E2_1,Aye,03/23/2016 10:12AM,1,,
670,2015E2,2015E2_2,Aye,03/23/2016 10:15AM,1,R2,
670,2015E2,2015E2_3,No,03/23/2016  1:02PM,2,Motion 12,
670,2015E2,2015E2_4,Aye,03/23/2016  1:12PM,2,A1,"A1 Martin, G."
670,2015E2,2015E2_5,Aye,03/23/2016  1:38PM,2,A2,A2 Floyd
670,2015E2,2015E2_6,No,03/23/2016  1:38PM,2,A2,A2 Floyd
670,2015E2,2015E2_7,Aye,03/23/2016  2:36PM,2,A3,A3 Cotham
670,2015E2,2015E2_8,Aye,03/23/2016  2:53PM,2,A4,A4 Bishop
670,2015E2,2015E2_9,Aye,03/23/2016  3:04PM,2,,
670,2015E2,2015E2_10,Aye,03/23/2016  3:05PM,3,,
670,2015E2,2015E2_11,Aye,03/23/2016  3:08PM,2,,
736,2015E2,2015E2_1,Aye,03/23/2016 10:12AM,1,,
736,2015E2,2015E2_2,Aye,03/23/2016 10:15AM,1,R2,
736,2015E2,2015E2_3,Aye,03/23/2016  1:02PM,2,Motion 12,
736,2015E2,2015E2_4,No,03/23/2016  1:12PM,2,A1,"A1 Martin, G."
736,2015E2,2015E2_5,No,03/23/2016  1:38PM,2,A2,A2 Floyd
736,2015E2,2015E2_6,Aye,03/23/2016  1:38PM,2,A2,A2 Floyd
736,2015E2,2015E2_7,Aye,03/23/2016  2:36PM,2,A3,A3 Cotham
736,2015E2,2015E2_8,Aye,03/23/2016  2:53PM,2,A4,A4 Bishop
736,2015E2,2015E2_9,Aye,03/23/2016  3:04PM,2,,
736,2015E2,2015E2_10,Aye,03/23/2016  3:05PM,3,,
736,2015E2,2015E2_11,Aye,03/23/2016  3:08PM,2,,
669,2015E2,2015E2_1,Aye,03/23/2016 10:12AM,1,,
669,2015E2,2015E2_2,Aye,03/23/2016 10:15AM,1,R2,
669,2015E2,2015E2_3,Aye,03/23/2016  1:02PM,2,Motion 12,
669,2015E2,2015E2_4,No,03/23/2016  1:12PM,2,A1,"A1 Martin, G."
669,2015E2,2015E2_5,Aye,03/23/2016  1:38PM,2,A2,A2 Floyd
669,2015E2,2015E2_6,Aye,03/23/2016  1:38PM,2,A2,A2 Floyd
669,2015E2,2015E2_7,Aye,03/23/2016  2:36PM,2,A3,A3 Cotham
669,2015E2,2015E2_8,Aye,03/23/2016  2:53PM,2,A4,A4 Bishop
669,2015E2,2015E2_9,Aye,03/23/2016  3:04PM,2,,
669,2015E2,2015E2_10,Aye,03/23/2016  3:05PM,3,,
669,2015E2,2015E2_11,Aye,03/23/2016  3:08PM,2,,
668,2015E2,2015E2_1,Aye,03/23/2016 10:12AM,1,,
668,2015E2,2015E2_2,Aye,03/23/2016 10:15AM,1,R2,
668,2015E2,2015E2_3,Aye,03/23/2016  1:02PM,2,Motion 12,
668,2015E2,2015E2_4,No,03/23/2016  1:12PM,2,A1,"A1 Martin, G."
668,2015E2,2015E2_5,Aye,03/23/2016  1:38PM,2,A2,A2 Floyd
668,2015E2,2015E2_6,Aye,03/23/2016  1:38PM,2,A2,A2 Floyd
668,2015E2,2015E2_7,Aye,03/23/2016  2:36PM,2,A3,A3 Cotham
668,2015E2,2015E2_8,Aye,03/23/2016  2:53PM,2,A4,A4 Bishop
668,2015E2,2015E2_9,Aye,03/23/2016  3:04PM,2,,
668,2015E2,2015E2_10,Aye,03/23/2016  3:05PM,3,,
668,2015E2,2015E2_11,Aye,03/23/2016  3:08PM,2,,
641,2015E2,2015E2_1,Aye,03/23/2016 10:12AM,1,,
641,2015E2,2015E2_2,Aye,03/23/2016 10:15AM,1,R2,
641,2015E2,2015E2_3,Aye,03/23/2016  1:02PM,2,Motion 12,
641,2015E2,2015E2_4,No,03/23/2016  1:12PM,2,A1,"A1 Martin, G."
641,2015E2,2015E2_5,No,03/23/2016  1:38PM,2,A2,A2 Floyd
641,2015E2,2015E2_6,Aye,03/23/2016  1:38PM,2,A2,A2 Floyd
641,2015E2,2015E2_7,Aye,03/23/2016  2:36PM,2,A3,A3 Cotham
641,2015E2,2015E2_8,Aye,03/23/2016  2:53PM,2,A4,A4 Bishop
641,2015E2,2015E2_9,No,03/23/2016  3:04PM,2,,
641,2015E2,2015E2_10,No,03/23/2016  3:05PM,3,,
641,2015E2,2015E2_11,Aye,03/23/2016  3:08PM,2,,
905,2015E2,2015E2_1,Aye,03/23/2016 10:12AM,1,,
905,2015E2,2015E2_2,Aye,03/23/2016 10:15AM,1,R2,
905,2015E2,2015E2_3,No,03/23/2016  1:02PM,2,Motion 12,
905,2015E2,2015E2_4,Aye,03/23/2016  1:12PM,2,A1,"A1 Martin, G."
905,2015E2,2015E2_5,Aye,03/23/2016  1:38PM,2,A2,A2 Floyd
905,2015E2,2015E2_6,No,03/23/2016  1:38PM,2,A2,A2 Floyd
905,2015E2,2015E2_7,Aye,03/23/2016  2:36PM,2,A3,A3 Cotham
905,2015E2,2015E2_8,Aye,03/23/2016  2:53PM,2,A4,A4 Bishop
905,2015E2,2015E2_9,Aye,03/23/2016  3:04PM,2,,
905,2015E2,2015E2_10,Aye,03/23/2016  3:05PM,3,,
905,2015E2,2015E2_11,Aye,03/23/2016  3:08PM,2,,
733,2015E2,2015E2_1,Aye,03/23/2016 10:12AM,1,,
733,2015E2,2015E2_2,Aye,03/23/2016 10:15AM,1,R2,
733,2015E2,2015E2_3,No,03/23/2016  1:02PM,2,Motion 12,
733,2015E2,2015E2_4,Aye,03/23/2016  1:12PM,2,A1,"A1 Martin, G."
733,2015E2,2015E2_5,Aye,03/23/2016  1:38PM,2,A2,A2 Floyd
733,2015E2,2015E2_6,No,03/23/2016  1:38PM,2,A2,A2 Floyd
733,2015E2,2015E2_7,Aye,03/23/2016  2:36PM,2,A3,A3 Cotham
733,2015E2,2015E2_8,Aye,03/23/2016  2:53PM,2,A4,A4 Bishop
733,2015E2,2015E2_9,Aye,03/23/2016  3:04PM,2,,
733,2015E2,2015E2_10,Aye,03/23/2016  3:05PM,3,,
733,2015E2,2015E2_11,Aye,03/23/2016  3:08PM,2,,
434,2015E2,2015E2_1,Excused Absence,03/23/2016 10:12AM,1,,
434,2015E2,2015E2_2,Excused Absence,03/23/2016 10:15AM,1,R2,
434,2015E2,2015E2_3,Excused Absence,03/23/2016  1:02PM,2,Motion 12,
434,2015E2,2015E2_4,Excused Absence,03/23/2016  1:12PM,2,A1,"A1 Martin, G."
434,2015E2,2015E2_5,Excused Absence,03/23/2016  1:38PM,2,A2,A2 Floyd
434,2015E2,2015E2_6,Excused Absence,03/23/2016  1:38PM,2,A2,A2 Floyd
434,2015E2,2015E2_7,Excused Absence,03/23/2016  2:36PM,2,A3,A3 Cotham
434,2015E2,2015E2_8,Excused Absence,03/23/2016  2:53PM,2,A4,A4 Bishop
434,2015E2,2015E2_9,Excused Absence,03/23/2016  3:04PM,2,,
434,2015E2,2015E2_10,Excused Absence,03/23/2016  3:05PM,3,,
434,2015E2,2015E2_11,Excused Absence,03/23/2016  3:08PM,2,,
613,2015E2,2015E2_1,Aye,03/23/2016 10:12AM,1,,
613,2015E2,2015E2_2,Aye,03/23/2016 10:15AM,1,R2,
613,2015E2,2015E2_3,Aye,03/23/2016  1:02PM,2,Motion 12,
613,2015E2,2015E2_4,No,03/23/2016  1:12PM,2,A1,"A1 Martin, G."
613,2015E2,2015E2_5,Aye,03/23/2016  1:38PM,2,A2,A2 Floyd
613,2015E2,2015E2_6,Aye,03/23/2016  1:38PM,2,A2,A2 Floyd
613,2015E2,2015E2_7,Aye,03/23/2016  2:36PM,2,A3,A3 Cotham
613,2015E2,2015E2_8,Aye,03/23/2016  2:53PM,2,A4,A4 Bishop
613,2015E2,2015E2_9,Aye,03/23/2016  3:04PM,2,,
613,2015E2,2015E2_10,Aye,03/23/2016  3:05PM,3,,
613,2015E2,2015E2_11,Aye,03/23/2016  3:08PM,2,,
433,2015E2,2015E2_1,Aye,03/23/2016 10:12AM,1,,
433,2015E2,2015E2_2,Aye,03/23/2016 10:15AM,1,R2,
433,2015E2,2015E2_3,Aye,03/23/2016  1:02PM,2,Motion 12,
433,2015E2,2015E2_4,No,03/23/2016  1:12PM,2,A1,"A1 Martin, G."
433,2015E2,2015E2_5,Aye,03/23/2016  1:38PM,2,A2,A2 Floyd
433,2015E2,2015E2_6,Aye,03/23/2016  1:38PM,2,A2,A2 Floyd
433,2015E2,2015E2_7,Aye,03/23/2016  2:36PM,2,A3,A3 Cotham
433,2015E2,2015E2_8,Aye,03/23/2016  2:53PM,2,A4,A4 Bishop
433,2015E2,2015E2_9,No,03/23/2016  3:04PM,2,,
433,2015E2,2015E2_10,No,03/23/2016  3:05PM,3,,
433,2015E2,2015E2_11,Aye,03/23/2016  3:08PM,2,,
667,2015E2,2015E2_1,Aye,03/23/2016 10:12AM,1,,
667,2015E2,2015E2_2,Aye,03/23/2016 10:15AM,1,R2,
667,2015E2,2015E2_3,No,03/23/2016  1:02PM,2,Motion 12,
667,2015E2,2015E2_4,Aye,03/23/2016  1:12PM,2,A1,"A1 Martin, G."
667,2015E2,2015E2_5,Aye,03/23/2016  1:38PM,2,A2,A2 Floyd
667,2015E2,2015E2_6,No,03/23/2016  1:38PM,2,A2,A2 Floyd
667,2015E2,2015E2_7,Aye,03/23/2016  2:36PM,2,A3,A3 Cotham
667,2015E2,2015E2_8,Aye,03/23/2016  2:53PM,2,A4,A4 Bishop
667,2015E2,2015E2_9,Aye,03/23/2016  3:04PM,2,,
667,2015E2,2015E2_10,Aye,03/23/2016  3:05PM,3,,
667,2015E2,2015E2_11,Aye,03/23/2016  3:08PM,2,,
732,2015E2,2015E2_1,Aye,03/23/2016 10:12AM,1,,
732,2015E2,2015E2_2,Aye,03/23/2016 10:15AM,1,R2,
732,2015E2,2015E2_3,No,03/23/2016  1:02PM,2,Motion 12,
732,2015E2,2015E2_4,Aye,03/23/2016  1:12PM,2,A1,"A1 Martin, G."
732,2015E2,2015E2_5,Aye,03/23/2016  1:38PM,2,A2,A2 Floyd
732,2015E2,2015E2_6,No,03/23/2016  1:38PM,2,A2,A2 Floyd
732,2015E2,2015E2_7,Aye,03/23/2016  2:36PM,2,A3,A3 Cotham
732,2015E2,2015E2_8,Aye,03/23/2016  2:53PM,2,A4,A4 Bishop
732,2015E2,2015E2_9,Aye,03/23/2016  3:04PM,2,,
732,2015E2,2015E2_10,Aye,03/23/2016  3:05PM,3,,
732,2015E2,2015E2_11,Aye,03/23/2016  3:08PM,2,,
429,2015E2,2015E2_1,N/V,03/23/2016 10:12AM,1,,
429,2015E2,2015E2_2,N/V,03/23/2016 10:15AM,1,R2,
429,2015E2,2015E2_3,Excused Absence,03/23/2016  1:02PM,2,Motion 12,
429,2015E2,2015E2_4,Excused Absence,03/23/2016  1:12PM,2,A1,"A1 Martin, G."
429,2015E2,2015E2_5,Excused Absence,03/23/2016  1:38PM,2,A2,A2 Floyd
429,2015E2,2015E2_6,Excused Absence,03/23/2016  1:38PM,2,A2,A2 Floyd
429,2015E2,2015E2_7,Excused Absence,03/23/2016  2:36PM,2,A3,A3 Cotham
429,2015E2,2015E2_8,Excused Absence,03/23/2016  2:53PM,2,A4,A4 Bishop
429,2015E2,2015E2_9,Excused Absence,03/23/2016  3:04PM,2,,
429,2015E2,2015E2_10,Excused Absence,03/23/2016  3:05PM,3,,
429,2015E2,2015E2_11,Excused Absence,03/23/2016  3:08PM,2,,
777,2015E2,2015E2_1,Aye,03/23/2016 10:12AM,1,,
777,2015E2,2015E2_2,Aye,03/23/2016 10:15AM,1,R2,
777,2015E2,2015E2_3,No,03/23/2016  1:02PM,2,Motion 12,
777,2015E2,2015E2_4,Aye,03/23/2016  1:12PM,2,A1,"A1 Martin, G."
777,2015E2,2015E2_5,Aye,03/23/2016  1:38PM,2,A2,A2 Floyd
777,2015E2,2015E2_6,No,03/23/2016  1:38PM,2,A2,A2 Floyd
777,2015E2,2015E2_7,Aye,03/23/2016  2:36PM,2,A3,A3 Cotham
777,2015E2,2015E2_8,Aye,03/23/2016  2:53PM,2,A4,A4 Bishop
777,2015E2,2015E2_9,Aye,03/23/2016  3:04PM,2,,
777,2015E2,2015E2_10,Aye,03/23/2016  3:05PM,3,,
777,2015E2,2015E2_11,Aye,03/23/2016  3:08PM,2,,
428,2015E2,2015E2_1,Aye,03/23/2016 10:12AM,1,,
428,2015E2,2015E2_2,Aye,03/23/2016 10:15AM,1,R2,
428,2015E2,2015E2_3,No,03/23/2016  1:02PM,2,Motion 12,
428,2015E2,2015E2_4,Aye,03/23/2016  1:12PM,2,A1,"A1 Martin, G."
428,2015E2,2015E2_5,Aye,03/23/2016  1:38PM,2,A2,A2 Floyd
428,2015E2,2015E2_6,No,03/23/2016  1:38PM,2,A2,A2 Floyd
428,2015E2,2015E2_7,Aye,03/23/2016  2:36PM,2,A3,A3 Cotham
428,2015E2,2015E2_8,Aye,03/23/2016  2:53PM,2,A4,A4 Bishop
428,2015E2,2015E2_9,Aye,03/23/2016  3:04PM,2,,
428,2015E2,2015E2_10,Aye,03/23/2016  3:05PM,3,,
428,2015E2,2015E2_11,Aye,03/23/2016  3:08PM,2,,
666,2015E2,2015E2_1,Aye,03/23/2016 10:12AM,1,,
666,2015E2,2015E2_2,Aye,03/23/2016 10:15AM,1,R2,
666,2015E2,2015E2_3,No,03/23/2016  1:02PM,2,Motion 12,
666,2015E2,2015E2_4,Aye,03/23/2016  1:12PM,2,A1,"A1 Martin, G."
666,2015E2,2015E2_5,Aye,03/23/2016  1:38PM,2,A2,A2 Floyd
666,2015E2,2015E2_6,No,03/23/2016  1:38PM,2,A2,A2 Floyd
666,2015E2,2015E2_7,Aye,03/23/2016  2:36PM,2,A3,A3 Cotham
666,2015E2,2015E2_8,Aye,03/23/2016  2:53PM,2,A4,A4 Bishop
666,2015E2,2015E2_9,Aye,03/23/2016  3:04PM,2,,
666,2015E2,2015E2_10,Aye,03/23/2016  3:05PM,3,,
666,2015E2,2015E2_11,Aye,03/23/2016  3:08PM,2,,
781,2015E2,2015E2_1,N/V,03/23/2016 10:12AM,1,,
781,2015E2,2015E2_2,N/V,03/23/2016 10:15AM,1,R2,
781,2015E2,2015E2_3,No,03/23/2016  1:02PM,2,Motion 12,
781,2015E2,2015E2_4,Aye,03/23/2016  1:12PM,2,A1,"A1 Martin, G."
781,2015E2,2015E2_5,Aye,03/23/2016  1:38PM,2,A2,A2 Floyd
781,2015E2,2015E2_6,No,03/23/2016  1:38PM,2,A2,A2 Floyd
781,2015E2,2015E2_7,Aye,03/23/2016  2:36PM,2,A3,A3 Cotham
781,2015E2,2015E2_8,Aye,03/23/2016  2:53PM,2,A4,A4 Bishop
781,2015E2,2015E2_9,Aye,03/23/2016  3:04PM,2,,
781,2015E2,2015E2_10,Aye,03/23/2016  3:05PM,3,,
781,2015E2,2015E2_11,Aye,03/23/2016  3:08PM,2,,
425,2015E2,2015E2_1,Aye,03/23/2016 10:12AM,1,,
425,2015E2,2015E2_2,Aye,03/23/2016 10:15AM,1,R2,
425,2015E2,2015E2_3,No,03/23/2016  1:02PM,2,Motion 12,
425,2015E2,2015E2_4,Aye,03/23/2016  1:12PM,2,A1,"A1 Martin, G."
425,2015E2,2015E2_5,Aye,03/23/2016  1:38PM,2,A2,A2 Floyd
425,2015E2,2015E2_6,No,03/23/2016  1:38PM,2,A2,A2 Floyd
425,2015E2,2015E2_7,Aye,03/23/2016  2:36PM,2,A3,A3 Cotham
425,2015E2,2015E2_8,Aye,03/23/2016  2:53PM,2,A4,A4 Bishop
425,2015E2,2015E2_9,Aye,03/23/2016  3:04PM,2,,
425,2015E2,2015E2_10,Aye,03/23/2016  3:05PM,3,,
425,2015E2,2015E2_11,Aye,03/23/2016  3:08PM,2,,
731,2015E2,2015E2_1,Aye,03/23/2016 10:12AM,1,,
731,2015E2,2015E2_2,Aye,03/23/2016 10:15AM,1,R2,
731,2015E2,2015E2_3,Aye,03/23/2016  1:02PM,2,Motion 12,
731,2015E2,2015E2_4,No,03/23/2016  1:12PM,2,A1,"A1 Martin, G."
731,2015E2,2015E2_5,Aye,03/23/2016  1:38PM,2,A2,A2 Floyd
731,2015E2,2015E2_6,Aye,03/23/2016  1:38PM,2,A2,A2 Floyd
731,2015E2,2015E2_7,N/V,03/23/2016  2:36PM,2,A3,A3 Cotham
731,2015E2,2015E2_8,Aye,03/23/2016  2:53PM,2,A4,A4 Bishop
731,2015E2,2015E2_9,No,03/23/2016  3:04PM,2,,
731,2015E2,2015E2_10,No,03/23/2016  3:05PM,3,,
731,2015E2,2015E2_11,Aye,03/23/2016  3:08PM,2,,
606,2015E2,2015E2_1,Aye,03/23/2016 10:12AM,1,,
606,2015E2,2015E2_2,Aye,03/23/2016 10:15AM,1,R2,
606,2015E2,2015E2_3,Aye,03/23/2016  1:02PM,2,Motion 12,
606,2015E2,2015E2_4,No,03/23/2016  1:12PM,2,A1,"A1 Martin, G."
606,2015E2,2015E2_5,No,03/23/2016  1:38PM,2,A2,A2 Floyd
606,2015E2,2015E2_6,Aye,03/23/2016  1:38PM,2,A2,A2 Floyd
606,2015E2,2015E2_7,Aye,03/23/2016  2:36PM,2,A3,A3 Cotham
606,2015E2,2015E2_8,Aye,03/23/2016  2:53PM,2,A4,A4 Bishop
606,2015E2,2015E2_9,No,03/23/2016  3:04PM,2,,
606,2015E2,2015E2_10,No,03/23/2016  3:05PM,3,,
606,2015E2,2015E2_11,Aye,03/23/2016  3:08PM,2,,
415,2015E2,2015E2_1,Aye,03/23/2016 10:12AM,1,,
415,2015E2,2015E2_2,Aye,03/23/2016 10:15AM,1,R2,
415,2015E2,2015E2_3,No,03/23/2016  1:02PM,2,Motion 12,
415,2015E2,2015E2_4,Aye,03/23/2016  1:12PM,2,A1,"A1 Martin, G."
415,2015E2,2015E2_5,Aye,03/23/2016  1:38PM,2,A2,A2 Floyd
415,2015E2,2015E2_6,No,03/23/2016  1:38PM,2,A2,A2 Floyd
415,2015E2,2015E2_7,Aye,03/23/2016  2:36PM,2,A3,A3 Cotham
415,2015E2,2015E2_8,Aye,03/23/2016  2:53PM,2,A4,A4 Bishop
415,2015E2,2015E2_9,Aye,03/23/2016  3:04PM,2,,
415,2015E2,2015E2_10,Aye,03/23/2016  3:05PM,3,,
415,2015E2,2015E2_11,Aye,03/23/2016  3:08PM,2,,
729,2015E2,2015E2_1,Aye,03/23/2016 10:12AM,1,,
729,2015E2,2015E2_2,Aye,03/23/2016 10:15AM,1,R2,
729,2015E2,2015E2_3,No,03/23/2016  1:02PM,2,Motion 12,
729,2015E2,2015E2_4,Aye,03/23/2016  1:12PM,2,A1,"A1 Martin, G."
729,2015E2,2015E2_5,Aye,03/23/2016  1:38PM,2,A2,A2 Floyd
729,2015E2,2015E2_6,No,03/23/2016  1:38PM,2,A2,A2 Floyd
729,2015E2,2015E2_7,Aye,03/23/2016  2:36PM,2,A3,A3 Cotham
729,2015E2,2015E2_8,Aye,03/23/2016  2:53PM,2,A4,A4 Bishop
729,2015E2,2015E2_9,Aye,03/23/2016  3:04PM,2,,
729,2015E2,2015E2_10,Aye,03/23/2016  3:05PM,3,,
729,2015E2,2015E2_11,Aye,03/23/2016  3:08PM,2,,
664,2015E2,2015E2_1,N/V,03/23/2016 10:12AM,1,,
664,2015E2,2015E2_2,N/V,03/23/2016 10:15AM,1,R2,
664,2015E2,2015E2_3,No,03/23/2016  1:02PM,2,Motion 12,
664,2015E2,2015E2_4,Aye,03/23/2016  1:12PM,2,A1,"A1 Martin, G."
664,2015E2,2015E2_5,Aye,03/23/2016  1:38PM,2,A2,A2 Floyd
664,2015E2,2015E2_6,No,03/23/2016  1:38PM,2,A2,A2 Floyd
664,2015E2,2015E2_7,Aye,03/23/2016  2:36PM,2,A3,A3 Cotham
664,2015E2,2015E2_8,Aye,03/23/2016  2:53PM,2,A4,A4 Bishop
664,2015E2,2015E2_9,Aye,03/23/2016  3:04PM,2,,
664,2015E2,2015E2_10,Aye,03/23/2016  3:05PM,3,,
664,2015E2,2015E2_11,Aye,03/23/2016  3:08PM,2,,
730,2015E2,2015E2_1,Aye,03/23/2016 10:12AM,1,,
730,2015E2,2015E2_2,Aye,03/23/2016 10:15AM,1,R2,
730,2015E2,2015E2_3,No,03/23/2016  1:02PM,2,Motion 12,
730,2015E2,2015E2_4,Aye,03/23/2016  1:12PM,2,A1,"A1 Martin, G."
730,2015E2,2015E2_5,Aye,03/23/2016  1:38PM,2,A2,A2 Floyd
730,2015E2,2015E2_6,No,03/23/2016  1:38PM,2,A2,A2 Floyd
730,2015E2,2015E2_7,Aye,03/23/2016  2:36PM,2,A3,A3 Cotham
730,2015E2,2015E2_8,Aye,03/23/2016  2:53PM,2,A4,A4 Bishop
730,2015E2,2015E2_9,Aye,03/23/2016  3:04PM,2,,
730,2015E2,2015E2_10,Aye,03/23/2016  3:05PM,3,,
730,2015E2,2015E2_11,Aye,03/23/2016  3:08PM,2,,
412,2015E2,2015E2_1,Excused Absence,03/23/2016 10:12AM,1,,
412,2015E2,2015E2_2,Excused Absence,03/23/2016 10:15AM,1,R2,
412,2015E2,2015E2_3,Excused Absence,03/23/2016  1:02PM,2,Motion 12,
412,2015E2,2015E2_4,Excused Absence,03/23/2016  1:12PM,2,A1,"A1 Martin, G."
412,2015E2,2015E2_5,Excused Absence,03/23/2016  1:38PM,2,A2,A2 Floyd
412,2015E2,2015E2_6,Excused Absence,03/23/2016  1:38PM,2,A2,A2 Floyd
412,2015E2,2015E2_7,Excused Absence,03/23/2016  2:36PM,2,A3,A3 Cotham
412,2015E2,2015E2_8,Excused Absence,03/23/2016  2:53PM,2,A4,A4 Bishop
412,2015E2,2015E2_9,Excused Absence,03/23/2016  3:04PM,2,,
412,2015E2,2015E2_10,Excused Absence,03/23/2016  3:05PM,3,,
412,2015E2,2015E2_11,Excused Absence,03/23/2016  3:08PM,2,,
612,2015E2,2015E2_1,Aye,03/23/2016 10:12AM,1,,
612,2015E2,2015E2_2,Aye,03/23/2016 10:15AM,1,R2,
612,2015E2,2015E2_3,No,03/23/2016  1:02PM,2,Motion 12,
612,2015E2,2015E2_4,Aye,03/23/2016  1:12PM,2,A1,"A1 Martin, G."
612,2015E2,2015E2_5,Aye,03/23/2016  1:38PM,2,A2,A2 Floyd
612,2015E2,2015E2_6,No,03/23/2016  1:38PM,2,A2,A2 Floyd
612,2015E2,2015E2_7,Aye,03/23/2016  2:36PM,2,A3,A3 Cotham
612,2015E2,2015E2_8,Aye,03/23/2016  2:53PM,2,A4,A4 Bishop
612,2015E2,2015E2_9,Aye,03/23/2016  3:04PM,2,,
612,2015E2,2015E2_10,Aye,03/23/2016  3:05PM,3,,
612,2015E2,2015E2_11,Aye,03/23/2016  3:08PM,2,,
728,2015E2,2015E2_1,Aye,03/23/2016 10:12AM,1,,
728,2015E2,2015E2_2,Aye,03/23/2016 10:15AM,1,R2,
728,2015E2,2015E2_3,No,03/23/2016  1:02PM,2,Motion 12,
728,2015E2,2015E2_4,Aye,03/23/2016  1:12PM,2,A1,"A1 Martin, G."
728,2015E2,2015E2_5,Aye,03/23/2016  1:38PM,2,A2,A2 Floyd
728,2015E2,2015E2_6,No,03/23/2016  1:38PM,2,A2,A2 Floyd
728,2015E2,2015E2_7,Aye,03/23/2016  2:36PM,2,A3,A3 Cotham
728,2015E2,2015E2_8,Aye,03/23/2016  2:53PM,2,A4,A4 Bishop
728,2015E2,2015E2_9,Aye,03/23/2016  3:04PM,2,,
728,2015E2,2015E2_10,Aye,03/23/2016  3:05PM,3,,
728,2015E2,2015E2_11,Aye,03/23/2016  3:08PM,2,,
727,2015E2,2015E2_1,Aye,03/23/2016 10:12AM,1,,
727,2015E2,2015E2_2,Aye,03/23/2016 10:15AM,1,R2,
727,2015E2,2015E2_3,No,03/23/2016  1:02PM,2,Motion 12,
727,2015E2,2015E2_4,Aye,03/23/2016  1:12PM,2,A1,"A1 Martin, G."
727,2015E2,2015E2_5,Aye,03/23/2016  1:38PM,2,A2,A2 Floyd
727,2015E2,2015E2_6,No,03/23/2016  1:38PM,2,A2,A2 Floyd
727,2015E2,2015E2_7,Aye,03/23/2016  2:36PM,2,A3,A3 Cotham
727,2015E2,2015E2_8,Aye,03/23/2016  2:53PM,2,A4,A4 Bishop
727,2015E2,2015E2_9,Aye,03/23/2016  3:04PM,2,,
727,2015E2,2015E2_10,Aye,03/23/2016  3:05PM,3,,
727,2015E2,2015E2_11,Aye,03/23/2016  3:08PM,2,,
663,2015E2,2015E2_1,Aye,03/23/2016 10:12AM,1,,
663,2015E2,2015E2_2,Aye,03/23/2016 10:15AM,1,R2,
663,2015E2,2015E2_3,No,03/23/2016  1:02PM,2,Motion 12,
663,2015E2,2015E2_4,N/V,03/23/2016  1:12PM,2,A1,"A1 Martin, G."
663,2015E2,2015E2_5,Aye,03/23/2016  1:38PM,2,A2,A2 Floyd
663,2015E2,2015E2_6,No,03/23/2016  1:38PM,2,A2,A2 Floyd
663,2015E2,2015E2_7,Aye,03/23/2016  2:36PM,2,A3,A3 Cotham
663,2015E2,2015E2_8,Aye,03/23/2016  2:53PM,2,A4,A4 Bishop
663,2015E2,2015E2_9,Aye,03/23/2016  3:04PM,2,,
663,2015E2,2015E2_10,Aye,03/23/2016  3:05PM,3,,
663,2015E2,2015E2_11,Aye,03/23/2016  3:08PM,2,,
725,2015E2,2015E2_1,Aye,03/23/2016 10:12AM,1,,
725,2015E2,2015E2_2,Aye,03/23/2016 10:15AM,1,R2,
725,2015E2,2015E2_3,No,03/23/2016  1:02PM,2,Motion 12,
725,2015E2,2015E2_4,Aye,03/23/2016  1:12PM,2,A1,"A1 Martin, G."
725,2015E2,2015E2_5,Aye,03/23/2016  1:38PM,2,A2,A2 Floyd
725,2015E2,2015E2_6,No,03/23/2016  1:38PM,2,A2,A2 Floyd
725,2015E2,2015E2_7,Aye,03/23/2016  2:36PM,2,A3,A3 Cotham
725,2015E2,2015E2_8,Aye,03/23/2016  2:53PM,2,A4,A4 Bishop
725,2015E2,2015E2_9,Aye,03/23/2016  3:04PM,2,,
725,2015E2,2015E2_10,Aye,03/23/2016  3:05PM,3,,
725,2015E2,2015E2_11,Aye,03/23/2016  3:08PM,2,,
590,2015E2,2015E2_1,Aye,03/23/2016 10:12AM,1,,
590,2015E2,2015E2_2,Aye,03/23/2016 10:15AM,1,R2,
590,2015E2,2015E2_3,No,03/23/2016  1:02PM,2,Motion 12,
590,2015E2,2015E2_4,Aye,03/23/2016  1:12PM,2,A1,"A1 Martin, G."
590,2015E2,2015E2_5,Aye,03/23/2016  1:38PM,2,A2,A2 Floyd
590,2015E2,2015E2_6,No,03/23/2016  1:38PM,2,A2,A2 Floyd
590,2015E2,2015E2_7,Aye,03/23/2016  2:36PM,2,A3,A3 Cotham
590,2015E2,2015E2_8,Aye,03/23/2016  2:53PM,2,A4,A4 Bishop
590,2015E2,2015E2_9,Aye,03/23/2016  3:04PM,2,,
590,2015E2,2015E2_10,Aye,03/23/2016  3:05PM,3,,
590,2015E2,2015E2_11,Aye,03/23/2016  3:08PM,2,,
909,2015E2,2015E2_1,N/V,03/23/2016 10:12AM,1,,
909,2015E2,2015E2_2,N/V,03/23/2016 10:15AM,1,R2,
909,2015E2,2015E2_3,Aye,03/23/2016  1:02PM,2,Motion 12,
909,2015E2,2015E2_4,No,03/23/2016  1:12PM,2,A1,"A1 Martin, G."
909,2015E2,2015E2_5,No,03/23/2016  1:38PM,2,A2,A2 Floyd
909,2015E2,2015E2_6,Aye,03/23/2016  1:38PM,2,A2,A2 Floyd
909,2015E2,2015E2_7,Aye,03/23/2016  2:36PM,2,A3,A3 Cotham
909,2015E2,2015E2_8,Aye,03/23/2016  2:53PM,2,A4,A4 Bishop
909,2015E2,2015E2_9,No,03/23/2016  3:04PM,2,,
909,2015E2,2015E2_10,No,03/23/2016  3:05PM,3,,
909,2015E2,2015E2_11,Aye,03/23/2016  3:08PM,2,,
662,2015E2,2015E2_1,Aye,03/23/2016 10:12AM,1,,
662,2015E2,2015E2_2,Aye,03/23/2016 10:15AM,1,R2,
662,2015E2,2015E2_3,No,03/23/2016  1:02PM,2,Motion 12,
662,2015E2,2015E2_4,Aye,03/23/2016  1:12PM,2,A1,"A1 Martin, G."
662,2015E2,2015E2_5,Aye,03/23/2016  1:38PM,2,A2,A2 Floyd
662,2015E2,2015E2_6,No,03/23/2016  1:38PM,2,A2,A2 Floyd
662,2015E2,2015E2_7,Aye,03/23/2016  2:36PM,2,A3,A3 Cotham
662,2015E2,2015E2_8,Aye,03/23/2016  2:53PM,2,A4,A4 Bishop
662,2015E2,2015E2_9,Aye,03/23/2016  3:04PM,2,,
662,2015E2,2015E2_10,Aye,03/23/2016  3:05PM,3,,
662,2015E2,2015E2_11,Aye,03/23/2016  3:08PM,2,,
908,2015E2,2015E2_1,Aye,03/23/2016 10:12AM,1,,
908,2015E2,2015E2_2,Aye,03/23/2016 10:15AM,1,R2,
908,2015E2,2015E2_3,No,03/23/2016  1:02PM,2,Motion 12,
908,2015E2,2015E2_4,Aye,03/23/2016  1:12PM,2,A1,"A1 Martin, G."
908,2015E2,2015E2_5,Aye,03/23/2016  1:38PM,2,A2,A2 Floyd
908,2015E2,2015E2_6,No,03/23/2016  1:38PM,2,A2,A2 Floyd
908,2015E2,2015E2_7,Aye,03/23/2016  2:36PM,2,A3,A3 Cotham
908,2015E2,2015E2_8,Aye,03/23/2016  2:53PM,2,A4,A4 Bishop
908,2015E2,2015E2_9,Aye,03/23/2016  3:04PM,2,,
908,2015E2,2015E2_10,Aye,03/23/2016  3:05PM,3,,
908,2015E2,2015E2_11,Aye,03/23/2016  3:08PM,2,,
611,2015E2,2015E2_1,Aye,03/23/2016 10:12AM,1,,
611,2015E2,2015E2_2,Aye,03/23/2016 10:15AM,1,R2,
611,2015E2,2015E2_3,No,03/23/2016  1:02PM,2,Motion 12,
611,2015E2,2015E2_4,Aye,03/23/2016  1:12PM,2,A1,"A1 Martin, G."
611,2015E2,2015E2_5,Aye,03/23/2016  1:38PM,2,A2,A2 Floyd
611,2015E2,2015E2_6,No,03/23/2016  1:38PM,2,A2,A2 Floyd
611,2015E2,2015E2_7,Aye,03/23/2016  2:36PM,2,A3,A3 Cotham
611,2015E2,2015E2_8,Aye,03/23/2016  2:53PM,2,A4,A4 Bishop
611,2015E2,2015E2_9,Aye,03/23/2016  3:04PM,2,,
611,2015E2,2015E2_10,Aye,03/23/2016  3:05PM,3,,
611,2015E2,2015E2_11,Aye,03/23/2016  3:08PM,2,,
407,2015E2,2015E2_1,Aye,03/23/2016 10:12AM,1,,
407,2015E2,2015E2_2,Aye,03/23/2016 10:15AM,1,R2,
407,2015E2,2015E2_3,No,03/23/2016  1:02PM,2,Motion 12,
407,2015E2,2015E2_4,Aye,03/23/2016  1:12PM,2,A1,"A1 Martin, G."
407,2015E2,2015E2_5,No,03/23/2016  1:38PM,2,A2,A2 Floyd
407,2015E2,2015E2_6,No,03/23/2016  1:38PM,2,A2,A2 Floyd
407,2015E2,2015E2_7,Aye,03/23/2016  2:36PM,2,A3,A3 Cotham
407,2015E2,2015E2_8,Aye,03/23/2016  2:53PM,2,A4,A4 Bishop
407,2015E2,2015E2_9,Aye,03/23/2016  3:04PM,2,,
407,2015E2,2015E2_10,Aye,03/23/2016  3:05PM,3,,
407,2015E2,2015E2_11,Aye,03/23/2016  3:08PM,2,,
610,2015E2,2015E2_1,N/V,03/23/2016 10:12AM,1,,
610,2015E2,2015E2_2,Aye,03/23/2016 10:15AM,1,R2,
610,2015E2,2015E2_3,No,03/23/2016  1:02PM,2,Motion 12,
610,2015E2,2015E2_4,Aye,03/23/2016  1:12PM,2,A1,"A1 Martin, G."
610,2015E2,2015E2_5,Aye,03/23/2016  1:38PM,2,A2,A2 Floyd
610,2015E2,2015E2_6,No,03/23/2016  1:38PM,2,A2,A2 Floyd
610,2015E2,2015E2_7,Aye,03/23/2016  2:36PM,2,A3,A3 Cotham
610,2015E2,2015E2_8,Aye,03/23/2016  2:53PM,2,A4,A4 Bishop
610,2015E2,2015E2_9,Aye,03/23/2016  3:04PM,2,,
610,2015E2,2015E2_10,Aye,03/23/2016  3:05PM,3,,
610,2015E2,2015E2_11,Aye,03/23/2016  3:08PM,2,,
723,2015E2,2015E2_1,Aye,03/23/2016 10:12AM,1,,
723,2015E2,2015E2_2,Aye,03/23/2016 10:15AM,1,R2,
723,2015E2,2015E2_3,No,03/23/2016  1:02PM,2,Motion 12,
723,2015E2,2015E2_4,Aye,03/23/2016  1:12PM,2,A1,"A1 Martin, G."
723,2015E2,2015E2_5,Aye,03/23/2016  1:38PM,2,A2,A2 Floyd
723,2015E2,2015E2_6,No,03/23/2016  1:38PM,2,A2,A2 Floyd
723,2015E2,2015E2_7,Aye,03/23/2016  2:36PM,2,A3,A3 Cotham
723,2015E2,2015E2_8,Aye,03/23/2016  2:53PM,2,A4,A4 Bishop
723,2015E2,2015E2_9,Aye,03/23/2016  3:04PM,2,,
723,2015E2,2015E2_10,Aye,03/23/2016  3:05PM,3,,
723,2015E2,2015E2_11,Aye,03/23/2016  3:08PM,2,,
917,2015E2,2015E2_1,Aye,03/23/2016 10:12AM,1,,
917,2015E2,2015E2_2,Aye,03/23/2016 10:15AM,1,R2,
917,2015E2,2015E2_3,No,03/23/2016  1:02PM,2,Motion 12,
917,2015E2,2015E2_4,Aye,03/23/2016  1:12PM,2,A1,"A1 Martin, G."
917,2015E2,2015E2_5,Aye,03/23/2016  1:38PM,2,A2,A2 Floyd
917,2015E2,2015E2_6,No,03/23/2016  1:38PM,2,A2,A2 Floyd
917,2015E2,2015E2_7,Aye,03/23/2016  2:36PM,2,A3,A3 Cotham
917,2015E2,2015E2_8,Aye,03/23/2016  2:53PM,2,A4,A4 Bishop
917,2015E2,2015E2_9,Aye,03/23/2016  3:04PM,2,,
917,2015E2,2015E2_10,Aye,03/23/2016  3:05PM,3,,
917,2015E2,2015E2_11,Aye,03/23/2016  3:08PM,2,,
404,2015E2,2015E2_1,Aye,03/23/2016 10:12AM,1,,
404,2015E2,2015E2_2,Aye,03/23/2016 10:15AM,1,R2,
404,2015E2,2015E2_3,Aye,03/23/2016  1:02PM,2,Motion 12,
404,2015E2,2015E2_4,No,03/23/2016  1:12PM,2,A1,"A1 Martin, G."
404,2015E2,2015E2_5,Aye,03/23/2016  1:38PM,2,A2,A2 Floyd
404,2015E2,2015E2_6,Aye,03/23/2016  1:38PM,2,A2,A2 Floyd
404,2015E2,2015E2_7,Aye,03/23/2016  2:36PM,2,A3,A3 Cotham
404,2015E2,2015E2_8,Aye,03/23/2016  2:53PM,2,A4,A4 Bishop
404,2015E2,2015E2_9,Aye,03/23/2016  3:04PM,2,,
404,2015E2,2015E2_10,Aye,03/23/2016  3:05PM,3,,
404,2015E2,2015E2_11,Aye,03/23/2016  3:08PM,2,,
586,2015E2,2015E2_1,Aye,03/23/2016 10:12AM,1,,
586,2015E2,2015E2_2,Aye,03/23/2016 10:15AM,1,R2,
586,2015E2,2015E2_3,No,03/23/2016  1:02PM,2,Motion 12,
586,2015E2,2015E2_4,Aye,03/23/2016  1:12PM,2,A1,"A1 Martin, G."
586,2015E2,2015E2_5,Aye,03/23/2016  1:38PM,2,A2,A2 Floyd
586,2015E2,2015E2_6,No,03/23/2016  1:38PM,2,A2,A2 Floyd
586,2015E2,2015E2_7,Aye,03/23/2016  2:36PM,2,A3,A3 Cotham
586,2015E2,2015E2_8,Aye,03/23/2016  2:53PM,2,A4,A4 Bishop
586,2015E2,2015E2_9,Aye,03/23/2016  3:04PM,2,,
586,2015E2,2015E2_10,Aye,03/23/2016  3:05PM,3,,
586,2015E2,2015E2_11,Aye,03/23/2016  3:08PM,2,,
722,2015E2,2015E2_1,N/V,03/23/2016 10:12AM,1,,
722,2015E2,2015E2_2,N/V,03/23/2016 10:15AM,1,R2,
722,2015E2,2015E2_3,N/V,03/23/2016  1:02PM,2,Motion 12,
722,2015E2,2015E2_4,N/V,03/23/2016  1:12PM,2,A1,"A1 Martin, G."
722,2015E2,2015E2_5,Aye,03/23/2016  1:38PM,2,A2,A2 Floyd
722,2015E2,2015E2_6,Aye,03/23/2016  1:38PM,2,A2,A2 Floyd
722,2015E2,2015E2_7,Aye,03/23/2016  2:36PM,2,A3,A3 Cotham
722,2015E2,2015E2_8,Aye,03/23/2016  2:53PM,2,A4,A4 Bishop
722,2015E2,2015E2_9,No,03/23/2016  3:04PM,2,,
722,2015E2,2015E2_10,No,03/23/2016  3:05PM,3,,
722,2015E2,2015E2_11,Aye,03/23/2016  3:08PM,2,,
630,2015E2,2015E2_1,Aye,03/23/2016 10:12AM,1,,
630,2015E2,2015E2_2,Aye,03/23/2016 10:15AM,1,R2,
630,2015E2,2015E2_3,Aye,03/23/2016  1:02PM,2,Motion 12,
630,2015E2,2015E2_4,No,03/23/2016  1:12PM,2,A1,"A1 Martin, G."
630,2015E2,2015E2_5,Aye,03/23/2016  1:38PM,2,A2,A2 Floyd
630,2015E2,2015E2_6,Aye,03/23/2016  1:38PM,2,A2,A2 Floyd
630,2015E2,2015E2_7,Aye,03/23/2016  2:36PM,2,A3,A3 Cotham
630,2015E2,2015E2_8,Aye,03/23/2016  2:53PM,2,A4,A4 Bishop
630,2015E2,2015E2_9,No,03/23/2016  3:04PM,2,,
630,2015E2,2015E2_10,No,03/23/2016  3:05PM,3,,
630,2015E2,2015E2_11,Aye,03/23/2016  3:08PM,2,,
721,2015E2,2015E2_1,Aye,03/23/2016 10:12AM,1,,
721,2015E2,2015E2_2,Aye,03/23/2016 10:15AM,1,R2,
721,2015E2,2015E2_3,No,03/23/2016  1:02PM,2,Motion 12,
721,2015E2,2015E2_4,Aye,03/23/2016  1:12PM,2,A1,"A1 Martin, G."
721,2015E2,2015E2_5,Aye,03/23/2016  1:38PM,2,A2,A2 Floyd
721,2015E2,2015E2_6,No,03/23/2016  1:38PM,2,A2,A2 Floyd
721,2015E2,2015E2_7,Aye,03/23/2016  2:36PM,2,A3,A3 Cotham
721,2015E2,2015E2_8,Aye,03/23/2016  2:53PM,2,A4,A4 Bishop
721,2015E2,2015E2_9,Aye,03/23/2016  3:04PM,2,,
721,2015E2,2015E2_10,Aye,03/23/2016  3:05PM,3,,
721,2015E2,2015E2_11,Aye,03/23/2016  3:08PM,2,,
907,2015E2,2015E2_1,Aye,03/23/2016 10:12AM,1,,
907,2015E2,2015E2_2,Aye,03/23/2016 10:15AM,1,R2,
907,2015E2,2015E2_3,Aye,03/23/2016  1:02PM,2,Motion 12,
907,2015E2,2015E2_4,No,03/23/2016  1:12PM,2,A1,"A1 Martin, G."
907,2015E2,2015E2_5,No,03/23/2016  1:38PM,2,A2,A2 Floyd
907,2015E2,2015E2_6,Aye,03/23/2016  1:38PM,2,A2,A2 Floyd
907,2015E2,2015E2_7,Aye,03/23/2016  2:36PM,2,A3,A3 Cotham
907,2015E2,2015E2_8,Aye,03/23/2016  2:53PM,2,A4,A4 Bishop
907,2015E2,2015E2_9,No,03/23/2016  3:04PM,2,,
907,2015E2,2015E2_10,No,03/23/2016  3:05PM,3,,
907,2015E2,2015E2_11,N/V,03/23/2016  3:08PM,2,,
916,2015E2,2015E2_1,Aye,03/23/2016 10:12AM,1,,
916,2015E2,2015E2_2,Aye,03/23/2016 10:15AM,1,R2,
916,2015E2,2015E2_3,No,03/23/2016  1:02PM,2,Motion 12,
916,2015E2,2015E2_4,Aye,03/23/2016  1:12PM,2,A1,"A1 Martin, G."
916,2015E2,2015E2_5,Aye,03/23/2016  1:38PM,2,A2,A2 Floyd
916,2015E2,2015E2_6,No,03/23/2016  1:38PM,2,A2,A2 Floyd
916,2015E2,2015E2_7,Aye,03/23/2016  2:36PM,2,A3,A3 Cotham
916,2015E2,2015E2_8,Aye,03/23/2016  2:53PM,2,A4,A4 Bishop
916,2015E2,2015E2_9,Aye,03/23/2016  3:04PM,2,,
916,2015E2,2015E2_10,Aye,03/23/2016  3:05PM,3,,
916,2015E2,2015E2_11,Aye,03/23/2016  3:08PM,2,,
906,2015E2,2015E2_1,Excused Absence,03/23/2016 10:12AM,1,,
906,2015E2,2015E2_2,Excused Absence,03/23/2016 10:15AM,1,R2,
906,2015E2,2015E2_3,Excused Absence,03/23/2016  1:02PM,2,Motion 12,
906,2015E2,2015E2_4,Excused Absence,03/23/2016  1:12PM,2,A1,"A1 Martin, G."
906,2015E2,2015E2_5,Excused Absence,03/23/2016  1:38PM,2,A2,A2 Floyd
906,2015E2,2015E2_6,Excused Absence,03/23/2016  1:38PM,2,A2,A2 Floyd
906,2015E2,2015E2_7,Excused Absence,03/23/2016  2:36PM,2,A3,A3 Cotham
906,2015E2,2015E2_8,Excused Absence,03/23/2016  2:53PM,2,A4,A4 Bishop
906,2015E2,2015E2_9,Excused Absence,03/23/2016  3:04PM,2,,
906,2015E2,2015E2_10,Excused Absence,03/23/2016  3:05PM,3,,
906,2015E2,2015E2_11,Excused Absence,03/23/2016  3:08PM,2,,
775,2015E2,2015E2_1,Aye,03/23/2016 10:24AM,1,Motion 8,
775,2015E2,2015E2_2,Aye,03/23/2016  6:29PM,2,,
775,2015E2,2015E2_3,Aye,03/23/2016  6:29PM,3,,
775,2015E2,2015E2_4,Aye,03/23/2016  6:31PM,2,,
964,2015E2,2015E2_1,Aye,03/23/2016 10:24AM,1,Motion 8,
964,2015E2,2015E2_2,Aye,03/23/2016  6:29PM,2,,
964,2015E2,2015E2_3,Aye,03/23/2016  6:29PM,3,,
964,2015E2,2015E2_4,Aye,03/23/2016  6:31PM,2,,
969,2015E2,2015E2_1,Excused Absence,03/23/2016 10:24AM,1,Motion 8,
969,2015E2,2015E2_2,Excused Absence,03/23/2016  6:29PM,2,,
969,2015E2,2015E2_3,Excused Absence,03/23/2016  6:29PM,3,,
969,2015E2,2015E2_4,Excused Absence,03/23/2016  6:31PM,2,,
790,2015E2,2015E2_1,No,03/23/2016 10:24AM,1,Motion 8,
790,2015E2,2015E2_2,N/V,03/23/2016  6:29PM,2,,
790,2015E2,2015E2_3,N/V,03/23/2016  6:29PM,3,,
790,2015E2,2015E2_4,N/V,03/23/2016  6:31PM,2,,
704,2015E2,2015E2_1,Aye,03/23/2016 10:24AM,1,Motion 8,
704,2015E2,2015E2_2,Aye,03/23/2016  6:29PM,2,,
704,2015E2,2015E2_3,Aye,03/23/2016  6:29PM,3,,
704,2015E2,2015E2_4,Aye,03/23/2016  6:31PM,2,,
564,2015E2,2015E2_1,Aye,03/23/2016 10:24AM,1,Motion 8,
564,2015E2,2015E2_2,Aye,03/23/2016  6:29PM,2,,
564,2015E2,2015E2_3,Aye,03/23/2016  6:29PM,3,,
564,2015E2,2015E2_4,Aye,03/23/2016  6:31PM,2,,
774,2015E2,2015E2_1,Aye,03/23/2016 10:24AM,1,Motion 8,
774,2015E2,2015E2_2,Aye,03/23/2016  6:29PM,2,,
774,2015E2,2015E2_3,Aye,03/23/2016  6:29PM,3,,
774,2015E2,2015E2_4,Aye,03/23/2016  6:31PM,2,,
703,2015E2,2015E2_1,Excused Absence,03/23/2016 10:24AM,1,Motion 8,
703,2015E2,2015E2_2,Excused Absence,03/23/2016  6:29PM,2,,
703,2015E2,2015E2_3,Excused Absence,03/23/2016  6:29PM,3,,
703,2015E2,2015E2_4,Excused Absence,03/23/2016  6:31PM,2,,
967,2015E2,2015E2_1,No,03/23/2016 10:24AM,1,Motion 8,
967,2015E2,2015E2_2,N/V,03/23/2016  6:29PM,2,,
967,2015E2,2015E2_3,N/V,03/23/2016  6:29PM,3,,
967,2015E2,2015E2_4,N/V,03/23/2016  6:31PM,2,,
773,2015E2,2015E2_1,Aye,03/23/2016 10:24AM,1,Motion 8,
773,2015E2,2015E2_2,Aye,03/23/2016  6:29PM,2,,
773,2015E2,2015E2_3,Aye,03/23/2016  6:29PM,3,,
773,2015E2,2015E2_4,Aye,03/23/2016  6:31PM,2,,
966,2015E2,2015E2_1,Excused Absence,03/23/2016 10:24AM,1,Motion 8,
966,2015E2,2015E2_2,Excused Absence,03/23/2016  6:29PM,2,,
966,2015E2,2015E2_3,Excused Absence,03/23/2016  6:29PM,3,,
966,2015E2,2015E2_4,Excused Absence,03/23/2016  6:31PM,2,,
631,2015E2,2015E2_1,Excused Absence,03/23/2016 10:24AM,1,Motion 8,
631,2015E2,2015E2_2,Excused Absence,03/23/2016  6:29PM,2,,
631,2015E2,2015E2_3,Excused Absence,03/23/2016  6:29PM,3,,
631,2015E2,2015E2_4,Excused Absence,03/23/2016  6:31PM,2,,
702,2015E2,2015E2_1,No,03/23/2016 10:24AM,1,Motion 8,
702,2015E2,2015E2_2,N/V,03/23/2016  6:29PM,2,,
702,2015E2,2015E2_3,N/V,03/23/2016  6:29PM,3,,
702,2015E2,2015E2_4,N/V,03/23/2016  6:31PM,2,,
772,2015E2,2015E2_1,Aye,03/23/2016 10:24AM,1,Motion 8,
772,2015E2,2015E2_2,Aye,03/23/2016  6:29PM,2,,
772,2015E2,2015E2_3,Aye,03/23/2016  6:29PM,3,,
772,2015E2,2015E2_4,Aye,03/23/2016  6:31PM,2,,
771,2015E2,2015E2_1,Aye,03/23/2016 10:24AM,1,Motion 8,
771,2015E2,2015E2_2,Aye,03/23/2016  6:29PM,2,,
771,2015E2,2015E2_3,Aye,03/23/2016  6:29PM,3,,
771,2015E2,2015E2_4,Aye,03/23/2016  6:31PM,2,,
700,2015E2,2015E2_1,Aye,03/23/2016 10:24AM,1,Motion 8,
700,2015E2,2015E2_2,Aye,03/23/2016  6:29PM,2,,
700,2015E2,2015E2_3,Aye,03/23/2016  6:29PM,3,,
700,2015E2,2015E2_4,Aye,03/23/2016  6:31PM,2,,
701,2015E2,2015E2_1,Aye,03/23/2016 10:24AM,1,Motion 8,
701,2015E2,2015E2_2,Aye,03/23/2016  6:29PM,2,,
701,2015E2,2015E2_3,Aye,03/23/2016  6:29PM,3,,
701,2015E2,2015E2_4,Aye,03/23/2016  6:31PM,2,,
705,2015E2,2015E2_1,Aye,03/23/2016 10:24AM,1,Motion 8,
705,2015E2,2015E2_2,Aye,03/23/2016  6:29PM,2,,
705,2015E2,2015E2_3,Aye,03/23/2016  6:29PM,3,,
705,2015E2,2015E2_4,Aye,03/23/2016  6:31PM,2,,
607,2015E2,2015E2_1,No,03/23/2016 10:24AM,1,Motion 8,
607,2015E2,2015E2_2,N/V,03/23/2016  6:29PM,2,,
607,2015E2,2015E2_3,N/V,03/23/2016  6:29PM,3,,
607,2015E2,2015E2_4,N/V,03/23/2016  6:31PM,2,,
945,2015E2,2015E2_1,Aye,03/23/2016 10:24AM,1,Motion 8,
945,2015E2,2015E2_2,Aye,03/23/2016  6:29PM,2,,
945,2015E2,2015E2_3,Aye,03/23/2016  6:29PM,3,,
945,2015E2,2015E2_4,Aye,03/23/2016  6:31PM,2,,
970,2015E2,2015E2_1,No,03/23/2016 10:24AM,1,Motion 8,
970,2015E2,2015E2_2,N/V,03/23/2016  6:29PM,2,,
970,2015E2,2015E2_3,N/V,03/23/2016  6:29PM,3,,
970,2015E2,2015E2_4,N/V,03/23/2016  6:31PM,2,,
699,2015E2,2015E2_1,Aye,03/23/2016 10:24AM,1,Motion 8,
699,2015E2,2015E2_2,Aye,03/23/2016  6:29PM,2,,
699,2015E2,2015E2_3,Aye,03/23/2016  6:29PM,3,,
699,2015E2,2015E2_4,Aye,03/23/2016  6:31PM,2,,
796,2015E2,2015E2_1,Aye,03/23/2016 10:24AM,1,Motion 8,
796,2015E2,2015E2_2,Aye,03/23/2016  6:29PM,2,,
796,2015E2,2015E2_3,Aye,03/23/2016  6:29PM,3,,
796,2015E2,2015E2_4,Aye,03/23/2016  6:31PM,2,,
788,2015E2,2015E2_1,Aye,03/23/2016 10:24AM,1,Motion 8,
788,2015E2,2015E2_2,Aye,03/23/2016  6:29PM,2,,
788,2015E2,2015E2_3,Aye,03/23/2016  6:29PM,3,,
788,2015E2,2015E2_4,Aye,03/23/2016  6:31PM,2,,
791,2015E2,2015E2_1,No,03/23/2016 10:24AM,1,Motion 8,
791,2015E2,2015E2_2,N/V,03/23/2016  6:29PM,2,,
791,2015E2,2015E2_3,N/V,03/23/2016  6:29PM,3,,
791,2015E2,2015E2_4,N/V,03/23/2016  6:31PM,2,,
696,2015E2,2015E2_1,Aye,03/23/2016 10:24AM,1,Motion 8,
696,2015E2,2015E2_2,Aye,03/23/2016  6:29PM,2,,
696,2015E2,2015E2_3,Aye,03/23/2016  6:29PM,3,,
696,2015E2,2015E2_4,Aye,03/23/2016  6:31PM,2,,
697,2015E2,2015E2_1,Aye,03/23/2016 10:24AM,1,Motion 8,
697,2015E2,2015E2_2,Aye,03/23/2016  6:29PM,2,,
697,2015E2,2015E2_3,Aye,03/23/2016  6:29PM,3,,
697,2015E2,2015E2_4,Aye,03/23/2016  6:31PM,2,,
541,2015E2,2015E2_1,Aye,03/23/2016 10:24AM,1,Motion 8,
541,2015E2,2015E2_2,Aye,03/23/2016  6:29PM,2,,
541,2015E2,2015E2_3,Aye,03/23/2016  6:29PM,3,,
541,2015E2,2015E2_4,Aye,03/23/2016  6:31PM,2,,
695,2015E2,2015E2_1,Aye,03/23/2016 10:24AM,1,Motion 8,
695,2015E2,2015E2_2,Aye,03/23/2016  6:29PM,2,,
695,2015E2,2015E2_3,Aye,03/23/2016  6:29PM,3,,
695,2015E2,2015E2_4,Aye,03/23/2016  6:31PM,2,,
694,2015E2,2015E2_1,Aye,03/23/2016 10:24AM,1,Motion 8,
694,2015E2,2015E2_2,Aye,03/23/2016  6:29PM,2,,
694,2015E2,2015E2_3,Aye,03/23/2016  6:29PM,3,,
694,2015E2,2015E2_4,Aye,03/23/2016  6:31PM,2,,
787,2015E2,2015E2_1,No,03/23/2016 10:24AM,1,Motion 8,
787,2015E2,2015E2_2,N/V,03/23/2016  6:29PM,2,,
787,2015E2,2015E2_3,N/V,03/23/2016  6:29PM,3,,
787,2015E2,2015E2_4,N/V,03/23/2016  6:31PM,2,,
768,2015E2,2015E2_1,Excused Absence,03/23/2016 10:24AM,1,Motion 8,
768,2015E2,2015E2_2,Excused Absence,03/23/2016  6:29PM,2,,
768,2015E2,2015E2_3,Excused Absence,03/23/2016  6:29PM,3,,
768,2015E2,2015E2_4,Excused Absence,03/23/2016  6:31PM,2,,
692,2015E2,2015E2_1,Aye,03/23/2016 10:24AM,1,Motion 8,
692,2015E2,2015E2_2,Aye,03/23/2016  6:29PM,2,,
692,2015E2,2015E2_3,Aye,03/23/2016  6:29PM,3,,
692,2015E2,2015E2_4,Aye,03/23/2016  6:31PM,2,,
767,2015E2,2015E2_1,No,03/23/2016 10:24AM,1,Motion 8,
767,2015E2,2015E2_2,N/V,03/23/2016  6:29PM,2,,
767,2015E2,2015E2_3,N/V,03/23/2016  6:29PM,3,,
767,2015E2,2015E2_4,N/V,03/23/2016  6:31PM,2,,
691,2015E2,2015E2_1,Aye,03/23/2016 10:24AM,1,Motion 8,
691,2015E2,2015E2_2,Aye,03/23/2016  6:29PM,2,,
691,2015E2,2015E2_3,Aye,03/23/2016  6:29PM,3,,
691,2015E2,2015E2_4,Aye,03/23/2016  6:31PM,2,,
765,2015E2,2015E2_1,Aye,03/23/2016 10:24AM,1,Motion 8,
765,2015E2,2015E2_2,Aye,03/23/2016  6:29PM,2,,
765,2015E2,2015E2_3,Aye,03/23/2016  6:29PM,3,,
765,2015E2,2015E2_4,Aye,03/23/2016  6:31PM,2,,
766,2015E2,2015E2_1,Aye,03/23/2016 10:24AM,1,Motion 8,
766,2015E2,2015E2_2,Aye,03/23/2016  6:29PM,2,,
766,2015E2,2015E2_3,Aye,03/23/2016  6:29PM,3,,
766,2015E2,2015E2_4,Aye,03/23/2016  6:31PM,2,,
764,2015E2,2015E2_1,No,03/23/2016 10:24AM,1,Motion 8,
764,2015E2,2015E2_2,N/V,03/23/2016  6:29PM,2,,
764,2015E2,2015E2_3,N/V,03/23/2016  6:29PM,3,,
764,2015E2,2015E2_4,N/V,03/23/2016  6:31PM,2,,
780,2015E2,2015E2_1,Excused Absence,03/23/2016 10:24AM,1,Motion 8,
780,2015E2,2015E2_2,Excused Absence,03/23/2016  6:29PM,2,,
780,2015E2,2015E2_3,Excused Absence,03/23/2016  6:29PM,3,,
780,2015E2,2015E2_4,Excused Absence,03/23/2016  6:31PM,2,,
528,2015E2,2015E2_1,Aye,03/23/2016 10:24AM,1,Motion 8,
528,2015E2,2015E2_2,Aye,03/23/2016  6:29PM,2,,
528,2015E2,2015E2_3,Aye,03/23/2016  6:29PM,3,,
528,2015E2,2015E2_4,Aye,03/23/2016  6:31PM,2,,
527,2015E2,2015E2_1,Aye,03/23/2016 10:24AM,1,Motion 8,
527,2015E2,2015E2_2,Aye,03/23/2016  6:29PM,2,,
527,2015E2,2015E2_3,Aye,03/23/2016  6:29PM,3,,
527,2015E2,2015E2_4,Aye,03/23/2016  6:31PM,2,,
639,2015E2,2015E2_1,No,03/23/2016 10:24AM,1,Motion 8,
639,2015E2,2015E2_2,N/V,03/23/2016  6:29PM,2,,
639,2015E2,2015E2_3,N/V,03/23/2016  6:29PM,3,,
639,2015E2,2015E2_4,N/V,03/23/2016  6:31PM,2,,
567,2015E2,2015E2_1,Aye,03/23/2016 10:24AM,1,Motion 8,
567,2015E2,2015E2_2,Aye,03/23/2016  6:29PM,2,,
567,2015E2,2015E2_3,Aye,03/23/2016  6:29PM,3,,
567,2015E2,2015E2_4,Aye,03/23/2016  6:31PM,2,,
523,2015E2,2015E2_1,Aye,03/23/2016 10:24AM,1,Motion 8,
523,2015E2,2015E2_2,Aye,03/23/2016  6:29PM,2,,
523,2015E2,2015E2_3,Aye,03/23/2016  6:29PM,3,,
523,2015E2,2015E2_4,Aye,03/23/2016  6:31PM,2,,
763,2015E2,2015E2_1,Excused Absence,03/23/2016 10:24AM,1,Motion 8,
763,2015E2,2015E2_2,Aye,03/23/2016  6:29PM,2,,
763,2015E2,2015E2_3,Aye,03/23/2016  6:29PM,3,,
763,2015E2,2015E2_4,Aye,03/23/2016  6:31PM,2,,
762,2015E2,2015E2_1,Aye,03/23/2016 10:24AM,1,Motion 8,
762,2015E2,2015E2_2,Aye,03/23/2016  6:29PM,2,,
762,2015E2,2015E2_3,Aye,03/23/2016  6:29PM,3,,
762,2015E2,2015E2_4,Aye,03/23/2016  6:31PM,2,,
520,2015E2,2015E2_1,Aye,03/23/2016 10:24AM,1,Motion 8,
520,2015E2,2015E2_2,Aye,03/23/2016  6:29PM,2,,
520,2015E2,2015E2_3,Aye,03/23/2016  6:29PM,3,,
520,2015E2,2015E2_4,Aye,03/23/2016  6:31PM,2,,
968,2015E2,2015E2_1,Aye,03/23/2016 10:24AM,1,Motion 8,
968,2015E2,2015E2_2,Aye,03/23/2016  6:29PM,2,,
968,2015E2,2015E2_3,Aye,03/23/2016  6:29PM,3,,
968,2015E2,2015E2_4,Aye,03/23/2016  6:31PM,2,,
